1adl	A	126,128,29,33,38,53,75,76
1aym	1	100,120,122,181,190,212,214,260,98,99
1aym	4	1,30
1ayn	1	100,120,122,181,212,214,98,99
1ayn	4	1
1b0o	A	103,105,107,41,46,54,56,60,62,69,71,84,92,94
1b56	A	107,109,118,129,131,22,23,32,35,36,78,79,81
1bev	1	100,145,180,182,185,191,215,97,98,99
1bj5	A	117,123,135,138,161,182
1bj5	A	150,152,254,257,258,283,287,66
1bj5	A	342,344,348,384,388,430,433,453,485
1bj5	A	387,410,411,415,457,460,488,489
1bj5	A	401,405,502,507,525,547,548,551,552,579
1bke	A	117,123,135,138,139,161,165,182
1bke	A	150,152,251,254,257,283,284,287,66
1bke	A	342,344,348,384,388,391,430,453,485
1bke	A	387,410,411,415,426,460,488,489
1bke	A	401,405,502,507,525,548,551,552,579
1cmk	E	1,10,100,11,14,15,152,155,156,18,303,306
1cvu	A	117,205,345,348,349,353,355,381,385,387,518,522,526,527,530,531,534
1cvu	B	2117,2120,2205,2345,2348,2349,2353,2355,2381,2385,2387,2518,2522,2523,2526,2527,2530,2534
1diy	A	116,120,205,209,344,348,349,352,353,355,375,377,381,385,387,522,523,526,527,530,531,533,534
1e7c	A	117,123,138,139,158,161,186
1e7c	A	10,150,22,251,254,257,284,287,66
1e7c	A	342,344,348,384,388,391,453,485
1e7c	A	387,410,411,415,457,460,488,489
1e7c	A	401,502,507,525,532,547,548,551,579
1e7f	A	117,135,138,139,158,161,165
1e7f	A	10,14,150,152,19,23,251,254,257,283,284,287
1e7f	A	342,344,348,384,388,430,433,434,453,485
1e7f	A	387,410,411,415,418,426,430,457,460,485,488,489
1e7f	A	401,405,507,525,532,547,548,551,552,579
1e7f	A	209,213,328,354
1e7f	A	218,219,222,238,242,257,287,290,291
1e7f	A	251,46,49,66,69,70,73
1e7g	A	117,123,138,139,158,161,165,182
1e7g	A	150,152,19,23,251,254,257,283,284,287,66
1e7g	A	342,344,348,387,388,434,453,485
1e7g	A	387,410,411,415,457,460,488,489
1e7g	A	401,502,507,525,532,548,551,552
1e7g	A	209,210,212,213,327,354
1e7g	A	199,214,218,219,222,238,242,257,290,291
1e7g	A	251,46,49,66,69,70,73
1e7h	A	117,135,138,139,158,161,186
1e7h	A	150,23,251,254,257,283,287,46,66,69,70
1e7h	A	342,344,348,384,387,388,391,430,433,434,453,485
1e7h	A	387,410,411,418,430,457,460,463,464,488,489
1e7h	A	401,405,502,507,525,528,529,535,548,551,579,580
1e7h	A	209,210,213,216,228,327,347,350,351
1e7h	A	218,219,222,257,260,264,287,290,291
1e7i	A	115,117,123,138,139,142,158,161,165
1e7i	A	150,251,254,257,283,284,287,46,69,70
1e7i	A	342,344,348,384,387,388,391,410,411,430,434,449,450,453,485
1e7i	A	387,411,415,418,422,457,460,463,464,467,485,488,489
1e7i	A	401,507,525,528,532,535,536,548,551,579,580
1e7i	A	206,210,213,232,324,327,350,351,480,482
1e7i	A	218,219,222,242,257,287,291
1ek4	B	134,137,138
1ek4	A	106,107,162,163,197,200,201,333,390,391,392
1ek4	B	106,107,162,163,197,200,201,390,391,392
1ek4	A	137,138
1ek4	C	106,107,162,163,197,200,201,333,391,392
1ek4	D	138
1ek4	D	106,107,162,163,197,200,201,333,335,391,392
1ek4	C	134,138
1fag	A	188,20,26,263,29,329,330,51,78,82,87
1fag	B	188,20,26,263,264,29,329,330,437,438,51,75,78,87
1fag	C	188,20,26,263,264,29,437,438,51,78,82,87
1fag	D	188,260,263,264,29,330,437,438,47,51,87
1fe3	A	104,115,126,128,16,29,33,38,40,53,55,57,58,75,76
1fk1	A	11,15,33,37,40,46,53,71,79,83
1fk2	A	33,37,40,46,49,53,71,77
1fk3	A	11,15,18,33,37,40,46,49,53,71,72,79,81
1fk4	A	11,15,33,46,49,53,56,57,60,79,81,83,92
1fk5	A	18,33,37,40,46,53,71,79,83
1fk6	A	33,36,37,40,46,49,53,57,71,79,81,83
1g74	A	115,117,126,128,16,20,25,29,33,36,38,53,55,57,75,76,78
1gni	A	117,123,138,142,146,149,157,158,161,186,189
1gni	A	10,150,152,23,251,254,257,283,287,46,69
1gni	A	342,344,348,387,388,391,392,410,411,430,434,437,445,449,453,485
1gni	A	387,410,411,418,419,422,457,460,463,467,488,489
1gni	A	401,525,528,535,536,547,548,551,552,575,576,579,580,583
1gni	A	209,210,213,324,327,328,350,480
1gni	A	218,219,222,242,260,287,290,291
1gnj	A	117,123,138,139,142,154,157,161,182,186,189
1gnj	A	14,150,22,251,254,257,283,284,287,46,66,69,70
1gnj	A	342,344,348,384,387,388,391,410,411,430,437,449,450,485
1gnj	A	387,411,415,418,430,457,460,463,464,488,489
1gnj	A	401,405,507,525,528,532,535,548,551,579,580
1gnj	A	209,212,213,216,324,327,351
1gnj	A	242,257,260,264,287,290,291
1gnj	A	418,419,422,463,467,469
1gt6	A	145,146,147,202,203,206,207,21,255,258,82,83,89,92
1gt6	B	110,146,147,203,206,207,21,255,258,259,82,83,89,92
1gxa	A	103,105,107,41,46,56,69,92,94
1h9z	A	117,123,138,139,142,158,161,165
1h9z	A	150,22,251,254,257,284,287,66
1h9z	A	342,344,348,388,391,433,434,438,449,453,485
1h9z	A	387,410,411,415,418,422,423,426,457,460,485,488,489
1h9z	A	401,405,502,507,525,528,529,547,551,552,579,580
1h9z	A	209,324,327,347,351
1ha2	A	117,123,135,138,139,158,161
1ha2	A	14,150,251,254,257,283,284,287,66
1ha2	A	342,344,348,387,388,391,433,434,446,450,453,485
1ha2	A	387,411,415,418,423,457,460,488,489
1ha2	A	401,405,502,507,525,528,532,547,551,579
1ha2	A	209,210,324,327,328,354
1hk4	A	117,123,138,139,161
1hk4	A	150,152,254,257,283,287
1hk4	A	342,344,348,388,430,446,449,453,485
1hk4	A	387,411,415,430,460,488,489
1hk4	A	401,405,502,507,525,532,548,551,552
1hk4	A	209,210,213,216,324,327,328
1hk4	A	199,218,219,238,242,257,260,264,290,291
1hk5	A	117,138,158,161
1hk5	A	14,150,22,251,254,257,283,284,287
1hk5	A	342,344,348,384,387,388,446,453,485
1hk5	A	387,410,411,415,430,460,488,489
1hk5	A	401,405,502,507,525,528,548,551,552,579
1hk5	A	209,210,213,324,328
1hk5	A	218,219,222,290,291
1hms	A	115,126,128,20,33,53,55,58,76
1hmt	A	115,126,128,20,33,38,53,55,57,58,76,78
1hzp	A	112,157,189,207,209,212,244,246,247,250,274,304,305
1igz	A	116,120,205,209,228,348,349,352,355,377,381,385,387,523,526,527,530,531,533,534
1jtb	A	1,10,13,14,17,31,34,35,38,44,47,50,51,54,6,63,66,67,69,70,71,75,77,79,80,81,85
1jtb	A	1,10,13,14,17,31,34,35,38,39,44,47,50,51,54,6,66,67,69,70,71,75,77,79,80,81,85
1jtb	A	1,10,13,14,17,31,34,35,38,44,47,51,54,55,6,63,66,67,68,69,70,75,77,79,80,81,85
1jtb	A	1,10,13,14,17,31,32,33,34,35,36,38,39,44,47,51,54,6,63,66,67,69,70,75,77,79,80,81,82,85
1jtb	A	1,10,13,14,15,17,31,32,34,35,38,39,44,47,51,54,6,61,66,69,70,75,77,78,79,80,81,85
1jtb	A	1,10,11,13,14,17,27,31,34,35,38,39,44,47,48,51,54,6,63,66,67,69,70,75,77,79,80,81,82,85,9
1jtb	A	1,10,11,13,14,17,31,32,33,34,35,36,44,47,51,54,6,61,63,66,69,70,75,77,79,80,81,82,83,85,9
1jtb	A	1,10,13,14,16,17,31,32,34,35,36,38,44,47,50,51,54,6,61,63,66,67,69,70,75,77,79,81,85
1jtb	A	1,10,13,14,17,31,34,35,38,39,44,47,51,54,6,61,63,66,67,69,70,75,77,79,80,81,82,85,90
1jtb	A	1,10,13,14,17,31,34,35,38,39,44,47,50,51,54,6,63,66,67,69,70,75,77,79,80,81,82,85
1jtb	A	1,10,13,14,17,30,31,34,35,38,44,47,51,54,6,61,63,66,69,70,75,77,79,80,81,82,85
1jtb	A	1,10,11,13,14,31,32,34,35,38,39,43,44,45,47,48,51,54,6,69,70,75,77,79,80,81,85,90,91
1jtb	A	1,10,11,13,14,15,16,17,31,34,35,38,39,44,47,50,51,54,6,61,63,65,66,67,69,70,75,77,79,80,81
1jtb	A	1,10,13,14,17,31,32,33,34,35,36,37,38,39,44,47,50,51,54,6,63,66,67,69,70,75,76,77,78,79,80,81,85
1jtb	A	1,10,13,14,15,16,17,27,30,31,34,35,36,38,44,47,51,54,6,61,63,65,66,69,70,75,77,79,80,81
1jtb	A	1,10,13,14,16,17,31,34,35,36,38,39,44,47,48,50,51,54,6,63,65,66,67,69,70,75,77,79,80,81,85
1lfo	A	113,122,28,31,32,35,52,54,55,56,57
1lfo	A	102,122,124,39,41,63,72,73,74,93
1lid	A	117,126,128,20,29,32,33,40,57,58,75,76,78
1lie	A	115,126,128,16,20,29,32,33,40,58,75,76
1lif	A	117,126,128,19,20,32,33,40,57,58,75,76,78
1lv2	A	135,141,145,179,183,186,196,197,210,211,214,304,305,308
1m7w	A	178,181,182,185,219,226,236,237,252,256,259,345
1m7w	B	181,182,185,220,226,236,237,242,249,252,256,259
1m7w	C	178,181,182,185,219,223,226,236,237,252,259,346
1m7w	D	178,181,182,185,220,226,236,237,252,255,256
1ma0	A	109,111,114,173,293,44,46,66,92,93
1ma0	B	283
1ma0	A	283,309
1ma0	B	111,114,140,173,317,44,46,66,92
1o8v	A	107,118,127,129,16,20,33,36,56,58,76,77,79,96
1o9x	A	14,150,152,254,257,258,283,284,287
1o9x	A	342,344,348,388,449,453,485
1o9x	A	411,415,418,430,457,460,473,488,489
1o9x	A	401,525,548,551
1o9x	A	209,212,213,324,327,351
1o9x	A	219,222,238,241,242,257,290,291
1pmp	A	106,126,128,16,20,29,33,40
1pmp	B	106,115,117,126,128,16,20,29,33,53
1pmp	C	106,126,128,16,20,29,38,53
1s8g	A	102,18,19,2,22,29,3,30,45,48,5,6,7,9
1u67	A	116,120,349,352,355,359,385,387,523,526,527,530
1uva	A	10,31,34,35,44,51,69,78,81
1uvc	A	10,11,14,35,38,44,51,54,58,69,79,81
1uvc	B	10,11,13,14,31,34,35,38,51,54,58,69,7,77,79,81
1vyf	A	107,116,118,127,129,23,29,33,57,75,76,78
1vyg	A	103,105,107,116,118,127,129,16,20,23,25,29,33,38,55,57,58,60,75,76,78
1xxs	A	102,18,2,22,28,29,3,30,45,48,49,5,6,69,9
1xxs	A	19,2,23,24,30,31,49,5,52,69
1xxs	A	10,11,7,75,77
1xxs	B	10,11,15,7,77
1xxs	B	18,2,22,28,29,3,30,45,48,49,6,9
1xxs	B	2,30,31,49,52,69
1xxs	A	10,11,15,77
1xxs	B	10,11,15,3,7,75,77
2af9	A	104,109,114,141,143,15,151,152,153,16,17
2af9	A	121,123,126,128,133,159,27,29,33
2af9	A	109,139,141,153,155,45,49,51,53,80
2af9	A	132,137,155,156,157,159,57
2ag2	B	105,116,117,118,155,157,19,24,37,39,40,41
2ag2	B	141,55,73,79,89
2ag2	B	123,125,126,128,29,35,74
2ag2	C	116,117,118,141,157,159,19,24,37,39,41
2ag2	C	123,125
2ag4	A	37,39,97,98
2ag4	B	100,118,37,98
2agc	A	121,124,126,17
2agc	A	131,137,139,155,157,159,22,55,72,73,77
2agc	A	114,141,143,151,152,153
2alg	A	44,47,48,55,80,81,82,85,90
2alg	B	10,14,17,58,7,8,81
2b5s	A	35,38,44,47,48,52,55,80,81,82,83
2b5s	B	10,11,14,17,7,8,81
2byo	A	106,109,110,113,158,69
2byo	A	159,184,185,193,195,87
2byx	B	134,137,138
2byx	A	106,107,162,163,197,200,201,390,391,392
2byx	A	113,133,134,137,138
2byx	B	106,107,162,163,197,200,201,391,392
2byx	C	106,107,162,163,197,200,201,335,390,391,392
2byx	D	134,137,138
2byx	D	106,107,110,162,163,197,200,201,391,392
2byx	C	113,134,137,138
2byz	B	113,134,137,138
2byz	A	106,107,162,163,197,200,201,390,391,392
2byz	B	106,107,110,162,163,197,200,201,335,391,392
2byz	A	113,137,138
2byz	C	106,107,162,163,197,200,201,335,390,391,392
2byz	D	134,137,138
2byz	D	106,107,162,163,197,200,201,390,391,392
2byz	C	134,137,138
2bz3	B	113,134,137,138
2bz3	A	106,107,162,163,197,200,201,391,392
2bz3	A	113,134,137,138
2bz3	B	106,107,110,162,163,197,200,201,335,391,392
2bz3	C	106,107,162,163,197,200,201,335,391,392
2bz3	D	137,138
2bz3	D	106,107,162,163,197,200,201,391,392
2bz3	C	113,134,137,138
2e9l	A	167,168,171,190,194,249,250,253,326,345,424,425
2e9l	A	176,246,250,312,326,327,332,334,345
2e9l	A	279,280,281,321,322
2e9m	A	167,168,170,171,172,190,191,225,249,250,253,254,345
2e9m	A	176,246,250,312,327,332,334,345
2ev1	A	145,149,174,181,53,56,57,60
2ev1	B	114,117,122,130,131,190,193
2ev1	B	145,149,150,171,174,181,185,53
2ev1	A	117,122,127,130,131,193,194
2ev2	B	145,146,148,149,174,178,53
2ev2	A	114,117,122,127,130,131,193,194,86
2ev2	A	145,149,171,174,178,181,185,53,56,57,60
2ev2	B	114,117,122,127,130,131,190
2ev3	B	145,148,149,174,178,181,53
2ev3	A	114,117,127,130,131,190,193,194,86
2ev3	A	145,146,149,150,171,174,178,181,53
2ev3	B	114,117,122,127,130,131,190,193,194
2ev4	B	145,148,149,174,178,53
2ev4	A	114,117,127,130,131,193,194,86
2ev4	A	145,146,149,171,174,178,181,53,56,57,60
2ev4	B	114,117,122,127,130,131,190
2evl	A	103,107,128,136,140,148,151,152,34,37,42,45,48,96
2fik	A	10,102,116,160,163,164,167,168,171,28,30,40,47,63,66,70
2ftb	A	111,14,23,31,51,56,58,71,72,73,96
2gfy	A	107,108,162,163,202,342,399,400
2hmb	A	115,126,128,20,33
2hnx	A	117,126,128,16,20,33,38,53,57,75,76,78
2ifb	A	106,14,17,18,23,49,62,70,73,74,82,93
2iu8	A	244,246,262,263,264,265,280,281,282,298,299,300
2iu8	B	240,258,259,277,278,294,295,296
2iu8	B	244,246,262,263,264,280,281,282,298,299,300
2iu8	C	240,258,259,277,278,294,295,296
2iu8	C	190,244,246,262,263,264,280,281,282,298,299,300
2iu8	A	240,258,259,277,278,294,295,296
2iu9	A	244,246,262,263,264,280,281,282,299,300
2iu9	B	240,258,259,260,277,294,295,296
2iu9	B	244,246,262,263,264,280,281,282,298,300,312
2iu9	C	240,258,259,295,296
2iu9	A	240,258,259,274,292,293,294,295
2iu9	C	244,246,262,263,264,280,281,282
2iua	A	264,280,281,282,299,300,313
2iua	B	277,278,294,295
2iua	A	278,295,296
2iua	C	280,281,282,299,300
2iua	C	278,295,296,311,312
2iua	B	280,281,298,299,300,312,313
2ju8	A	19,24,28,31,32,54,55,56,57,59,61,71,72,73,74
2ju8	A	1,100,102,104,109,111,113,122,39,41,50,52,54,61,63,7,71,81,83,91,93,95
2ju8	A	122,18,19,24,25,28,29,31,32,52,54,55,56,57,59,61,72,73,74
2ju8	A	100,102,111,113,122,50,52,61,63,69,71,72,79,81,83,91,93,95,96
2ju8	A	120,122,18,19,24,28,29,31,32,52,54,55,56,57,59,61,71,72,73,74
2ju8	A	1,100,102,104,109,111,113,122,39,41,50,52,61,63,7,71,81,83,91,93,95
2ju8	A	113,120,122,18,19,24,28,29,31,32,52,54,55,56,57,59,72,73,74
2ju8	A	100,102,111,113,122,50,52,59,61,63,71,72,73,81,83,91,93,95,96
2ju8	A	15,19,24,28,29,31,32,52,54,55,56,57,59,61,71,72,73,74
2ju8	A	100,102,111,113,122,39,50,52,59,61,63,71,81,83,91,93,95,96
2ju8	A	113,120,15,18,19,22,24,28,31,32,54,55,56,57,59,61,71,72,73,74
2ju8	A	100,102,104,109,111,113,122,39,41,50,52,61,63,71,81,83,91,93,95
2ju8	A	15,18,19,24,28,29,31,32,54,55,56,57,59,61,71,72,73,74,75
2ju8	A	1,100,102,104,109,111,113,122,39,41,50,52,61,63,7,71,72,73,81,83,91,93,95,96
2ju8	A	113,120,122,15,18,19,24,28,29,31,32,54,55,56,57,59,61,72,73,74
2ju8	A	1,100,102,104,109,111,113,122,39,41,50,52,61,63,7,71,81,83,91,93,95
2ju8	A	15,19,24,28,29,31,32,54,55,56,57,59,61,71,72,73,74
2ju8	A	1,100,102,104,109,111,113,122,124,39,41,50,52,61,63,7,71,72,73,74,81,83,91,93,95,96
2ju8	A	120,122,15,18,19,24,28,29,31,32,54,55,56,57,59,72,73,74
2ju8	A	1,100,102,104,109,111,113,122,39,41,50,52,59,61,63,7,71,74,81,83,91,93,95
2lbv	A	100,111,113,115,13,15,36,37,38,39,41,47,49,50,51,52,6,66,76,83,85,87,9,90,92,98
2lbv	A	100,111,113,115,13,15,37,38,39,41,47,49,50,51,6,66,74,76,83,85,87,90,92,98
2lbv	A	100,111,113,115,13,15,37,38,39,41,47,49,50,51,6,66,76,83,85,87,90,92,98
2lbv	A	100,111,113,115,13,15,37,38,39,41,47,49,50,51,6,66,74,76,83,85,87,90,92,98
2lbv	A	100,111,113,115,13,15,37,38,39,41,47,49,50,51,6,66,74,76,83,85,87,90,92,98
2lbv	A	100,111,113,115,13,15,37,38,39,41,47,49,50,51,6,66,74,76,83,85,87,90,92,98
2lbv	A	100,111,113,115,13,15,37,38,39,41,47,49,50,51,6,66,74,76,83,85,87,90,92,98
2lbv	A	100,111,113,115,13,15,37,38,39,41,47,49,50,51,6,66,74,76,83,85,87,90,92,98
2lbv	A	100,111,113,115,13,15,37,38,39,41,47,49,50,51,6,66,76,83,85,87,90,92,98
2lbv	A	100,111,113,115,13,15,37,38,39,41,47,49,50,51,6,66,76,83,85,87,90,92,98
2lbv	A	100,111,113,115,13,15,37,38,39,41,47,49,50,51,6,66,76,83,85,87,9,90,92,98
2lbv	A	100,111,113,115,13,15,37,38,39,41,47,49,50,51,6,66,76,83,85,87,90,92,98
2lbv	A	100,111,113,115,13,15,37,38,39,41,47,49,50,51,6,66,76,83,85,87,90,92,98
2lbv	A	100,111,113,115,13,15,37,38,39,41,47,49,50,51,6,66,76,83,85,87,90,92,98
2lbv	A	100,111,113,115,13,15,36,37,38,39,41,47,49,50,51,6,66,76,83,85,87,9,90,92,98
2lbv	A	100,111,113,115,13,15,36,37,38,39,41,47,49,50,51,6,66,76,83,85,87,9,90,92,98
2lbv	A	100,111,113,115,13,15,36,37,38,39,41,47,49,50,51,6,66,76,83,85,87,9,90,92,98
2lbv	A	100,111,113,115,13,15,36,37,38,39,41,47,49,50,51,6,66,76,83,85,87,9,90,92,96,98
2lbv	A	100,111,113,115,13,15,36,37,38,39,41,47,49,50,51,6,66,76,83,85,87,9,90,92,98
2lbv	A	100,111,113,115,13,15,36,37,38,39,41,47,49,50,51,6,66,76,83,85,87,9,90,92,98
2lkk	A	111,113,120,122,15,19,24,28,29,31,32,39,52,54,55,56,57,59,74
2lkk	A	100,102,109,111,113,122,124,18,39,41,50,52,59,63,7,71,72,73,74,81,83,9,93,95,98
2lkk	A	111,113,120,122,15,19,24,28,29,31,32,39,52,54,55,56,57,59,74
2lkk	A	100,102,109,111,113,122,124,18,39,41,50,52,59,63,7,71,72,73,74,81,83,9,93,95,98
2lkk	A	111,113,120,122,15,19,24,28,29,31,32,39,52,54,55,56,57,59,74
2lkk	A	100,102,109,111,113,122,124,18,39,41,50,52,59,63,7,71,72,73,74,81,83,9,93,95,98
2lkk	A	111,113,120,122,15,19,24,28,29,31,32,39,52,54,55,56,57,59,74
2lkk	A	100,102,109,111,113,122,124,18,39,41,50,52,59,63,7,71,72,73,74,81,83,9,93,95,98
2lkk	A	111,113,120,122,15,19,24,28,29,31,32,39,52,54,55,56,57,59,74
2lkk	A	100,102,109,111,113,122,124,18,39,41,50,52,59,63,7,71,72,73,74,81,83,9,93,95,98
2lkk	A	111,113,120,122,15,19,24,28,29,31,32,39,52,54,55,56,57,59,74
2lkk	A	100,102,109,111,113,120,122,124,18,19,22,39,41,50,52,59,63,7,71,72,73,74,81,83,9,91,93,95,98
2lkk	A	111,113,120,122,15,19,24,28,29,31,32,39,52,54,55,56,57,59,74
2lkk	A	100,102,109,111,113,122,124,18,19,39,41,50,52,59,63,7,71,72,73,74,81,83,9,93,95,98
2lkk	A	111,113,120,122,15,19,24,28,29,31,32,39,52,54,55,56,57,59,74
2lkk	A	100,102,109,111,113,122,124,18,19,39,41,50,52,59,63,7,71,72,73,74,81,83,9,93,95,98
2lkk	A	111,113,120,122,15,19,24,28,29,31,32,39,52,54,55,56,57,59,74
2lkk	A	100,102,109,111,113,120,122,124,18,19,22,39,41,50,52,59,63,7,71,72,73,74,81,83,9,91,93,95,98
2lkk	A	111,113,120,122,15,19,24,28,29,31,32,39,52,54,55,56,57,59,74
2lkk	A	100,102,109,111,113,120,122,124,18,19,22,39,41,50,52,59,63,7,71,72,73,74,81,83,9,91,93,95,98
2ovd	A	118,120,122,129,131,64,83,92
2q9s	A	104,115,117,126,128,19,20,25,33,38,40,53,57,76,78
2qhd	A	18,22,23,28,29,30,31,45,48,49,5
2qhd	B	22,23,28,29,30,31,45,48,49,5
2uwh	A	188,20,26,264,29,329,330,437,47,51,87
2uwh	B	188,263,264,29,330,42,437,438,47,49,51,87
2uwh	C	188,20,26,329,437,438,47,51,75,82,87
2uwh	D	188,20,26,264,29,328,329,330,438,47,51,87
2uwh	E	188,26,264,329,330,42,437,47,49,51,75,87
2uwh	F	20,25,26,263,264,268,329,330,437,438,51,82
2wew	A	100,102,123,132,134,136,143,145,147,43,47,71,73,82,84
2wq9	A	104,117,121,133,135,137,29,32,35,36,37,45,55,57,73,74,75,88,90
2wqa	E	104,117,133,135,137,29,32,35,36,37,45,55,57,73,74,75,88,90
2wqa	F	104,117,121,133,135,137,29,32,35,36,37,45,55,57,73,74,75,88,90
2wyb	B	1,158,162,22,23,24,269,53,57,68,69,70
2wyb	A	146
2wyd	B	1,158,162,187,22,23,24,32,50,53,57,68,69,70
2wyd	A	143,146
2wyd	B	186,23,24,25,30,465,476,477,70
2wyd	A	150
2xsi	A	117,123,138,158,161,165
2xsi	A	150,22,251,254,257,283,287,66
2xsi	A	342,344,348,388,391,453,485
2xsi	A	387,410,411,414,430,457,460,488,489
2xsi	A	401,405,507,525,528,529,532,547,548,551,552,579,580
2xsi	A	209,210,213,324,327,354,480
2xvv	A	117,123,138,154,157,158,161,186
2xvv	A	150,251,254,257,283,284,287,66
2xvv	A	342,344,348,384,388,430,446,453,485
2xvv	A	387,411,430,457,485,488,489
2xvv	A	401,405,507,525,529,532,547,548,551,579,580
2xvv	A	209,210,213,324,327,480,482
2xvw	A	117,123,138,139,158,161,165
2xvw	A	14,150,251,254,257,283,284,287,66
2xvw	A	342,344,348,387,388,453,485
2xvw	A	387,410,411,430,460,488,489
2xvw	A	401,405,507,525,528,547,548,551,579
2xvw	A	209,327,331,350,480
3anp	C	168
3anp	D	104,108,111,123,126,128,160,162,163,93,96
3awm	A	169,172,173,241,242,287,288,398,73,77
3b18	A	102,110,118,120,155,177,179,83,86,87,90
3bfh	A	101,104,116,118,12,13,49,53,56,73
3cx9	A	14,22,254,66
3cx9	A	342,344,348,387,391,430,433,434,449,450,453,485
3cx9	A	411,415,418,423,430,457,488
3cx9	A	401,405,507,525,528,529,532,548,551,575,579
3cx9	A	209,210,212,213,216,324,328,347,351,482
3dbx	A	103,117,119,152,162,74,75,79,82,83
3ekd	A	188,20,26,29,51,78,87
3eut	A	120,151,186,187,190,206,207,210,251,252,26,261,31,34,376,60,62,65
3eut	C	120,151,186,187,189,190,206,207,210,251,252,26,261,31,34,376,60,62,64,65,71
3fg4	A	763,796,797,800
3fg4	B	762,763,796,797,800,801,826
3fg4	C	1066,758,762,763,796,797,800
3fg4	D	758,762,763,796,797,800,801
3gbg	A	12,20,22,230,25,259,261,266,269,31,33,81
3hs5	A	116,205,348,349,353,355,381,385,387,518,523,526,527,530,531,534
3hs5	B	205,209,228,344,348,349,352,353,355,377,381,385,387,522,523,526,527,530,531,533,534
3krk	A	120,205,209,228,348,349,352,353,355,375,377,381,385,387,522,523,526,527,530,531,533,534
3krk	B	120,205,209,344,348,349,352,353,355,375,377,381,385,387,522,523,526,527,529,530,531,533,534
3l1n	A	115,116,123,126,127,146,153,89,93,96
3mlm	A	17,2,21,27,29,44,5,6,7,9
3mlm	B	17,18,21,22,27,28,29,44,47,48,5,6,7,9
3nyi	A	124,125,126,161,163,171,176,201,238,269,27,272,276,277,283,284,62,63,64,93,94
3nyi	B	124,125,126,161,163,176,201,238,269,27,272,276,277,283,284,62,63,64,93,94
3olt	A	116,117,205,345,348,349,353,355,385,387,518,522,523,526,527,530,531,534
3olt	B	116,120,205,209,227,344,348,349,352,353,355,359,375,377,381,385,387,522,526,527,530,533,534
3pgu	A	362,364,366,368,390,392,4,408,409,5,56,6,7
3pp6	A	115,126,128,17,21,34,39,41,54,59,61,76,77
3pp6	B	115,126,128,17,21,30,34,39,41,54,58,76,77
3pp6	C	115,126,128,17,21,30,34,39,41,54,76,77,79
3ppt	A	115,117,126,128,17,21,30,34,41,54,58,59,60,61,76,77,79
3pxp	A	112,120,127,128,131,138,147,148,150,153,154,161,172,176,227,258
3pxp	B	112,120,127,128,131,133,137,147,148,150,153,161,176,227,258,283
3pxp	C	112,120,127,131,133,137,138,147,150,152,153,154,161,172,176,227,258,283
3qh0	A	116,120,205,348,349,353,355,385,387,523,526,527,530,531
3qlm	A	106,19,2,22,23,31,5,6,69,9
3sra	A	166,169,170
3sra	B	217,238,239,240,248,266,269,273,284,285,286,374,378,485
3stk	A	100,102,111,122,124,39,41,50,52,63,72,73,74,91,93,95
3stk	A	111,122,19,28,31,35,54,56,57
3stm	X	100,102,111,122,39,50,63,71,72,74,91
3sz1	B	285,288,289,292,327,330,333,363,364,449
3tzi	A	116,120,205,348,349,352,353,355,385,387,522,523,526,527,530,531
3tzi	B	116,205,348,349,352,353,355,385,387,523,526,527,530,531
3ueu	A	103,105,107,41,46,54,56,58,84,92
3uev	A	103,105,107,38,39,41,54,56,58,69,71,84,92,94
3uew	A	105,107,38,39,46,54,56,60,62,69,71,84,92,94
3uex	A	105,107,12,38,46,54,56,60,62,69,71,84,92,94
3uil	B	133,134
3uil	D	138,31
3usx	B	134,3,5,6
3usx	A	129,133
3usx	D	138,31
3v99	A	171,177,363,367,406,554,557,607
3w9k	A	104,105,108,109,112,3,32,4,57,76,78,97,99
3web	A	103,110,112,127,18,30,38,68,69,70,95,97,99
3wvm	A	115,126,128,16,20,29,33,38,53,58,75,76,78
3wxq	A	116,127,129,17,21,24,34,54,58,59,61,76,77,79
3zui	A	105,107,133,36,43,54,61,74,76,85,87,89
4b0n	A	163,194,224,227,228,230,240,243,282,284,291,292,293,295,366,62,83,91,93,98
4b0n	B	194,224,228,230,240,243,284,291,293,331,364,366,62,83,91,93,98
4bke	A	117,135,138,139,161,165,186
4bke	A	150,22,23,251,254,257,283,287,66,69,70
4bke	A	342,344,348,384,387,388,391,403,434,453,485
4bke	A	387,410,411,418,457,460,464,473,488,489
4bke	A	401,502,507,525,528,535,547,548,551,552,579,580
4bke	A	209,210,213,232,324,327,347,350,480,482
4bke	A	199,214,218,219,222,241,242,257,260,264,287,290,291
4de6	A	27,55,56,59,63
4doo	A	100,106,107,110,130,134,137,148,180,181,187,30,43
4doo	A	103,106,32,34,42,43,95,98
4doo	B	107,110,130,134,137,140,146,148,180,181,187,30,43
4doo	B	102,103,106,146,30,42,43,91,93,98,99
4dq3	A	103,105,107,38,39,41,46,54,56,60,62,69,71,84,92,94
4dq4	A	105,107,38,41,46,54,56,60,62,69,71,92,94
4e1g	A	120,205,209,348,349,352,353,355,375,377,381,385,526,527,529,530,533,534
4e1g	B	120,205,209,344,348,349,355,375,377,381,385,522,523,526,527,529,530,533,534
4fnn	B	2,4,5,6
4fnn	D	138,31
4fnn	A	129,132
4g0s	A	16,20,217,24,27,6,8
4g0s	A	116,118,121,186,189,190,193,194,197,56,63
4g0s	B	10,16,19,205,217,218,23,27,6,7,8,87
4g0s	B	103,116,118,121,150,160,186,189,190,193,194,197,54,56,63,93
4ia6	A	149,153,154,205,543,546,550
4ib6	A	103,105,107,38,41,54,56,71,84,94
4jgx	A	107,117,118,16,42,89,90,96
4jgx	B	100,105,111,114,115,117,118,121,122,89,90,92,96
4jgx	A	112
4kjx	A	147,151,62,63,64,81,82,83,84,85,88,89
4kjx	B	110,113,147,83,84,89,92,93,94
4ku3	B	142,143,253,257,258,284,285,291,315,343,345,346,347
4ku5	B	142,143,253,284,285,287,291,315,345,346,347
4kvl	A	311,315,316,325,329,331,332,375,379,50,53,549,552,553,556,559,57
4kvl	A	349,350,351,352,353
4kvq	A	123,127,128,130,131,134,135,138,157,197,206,37,40,41,44,45,48,73,80
4l40	A	170,173,245,246,249,291,292,294,296,71,74,78
4lkt	A	109,129,131,23,26,32,35,60,61,79
4lkt	B	35
4lkt	A	35
4lkt	B	109,120,129,131,23,26,32,35,60,61,78,79
4lkt	C	109,118,120,129,131,19,22,23,32,36,41,56,58,78,79
4lkt	D	107,118,120,129,131,22,23,32,36,41,56,58,79,81
4n6h	A	103,115,116
4n6h	A	100,71,72,75,96
4n6h	A	287,288,289
4n6h	A	276,279,280,289,290,296
4n6h	A	233,237,261,268,269,272,306
4n6h	A	141,145,148,159,160,161,164,165,168,87
4n6h	A	51,54,55,58
4n6h	A	293,295,296
4n6h	A	47,48,51
4n6h	A	233,237,272
4n6h	A	261,313,316,320,321
4n6h	A	115,116
4nyq	A	100,113,22,36,53,61,63,76,81,83,84,88
4nyq	A	100,22,32,33,38,51,53,61,63,76,84
4qwt	C	178,182,380,384,385,389,423,427,431,437,438,441,442,581,620,623,626,627
4rwd	A	50
4rwd	A	280
4rwd	A	294,44,47,48,51
4rwd	B	44,50
4rwd	B	294,297,44,48
4rwd	B	137,141,175,228
4s0x	A	147,151,62,63,64,81,82,83,84,85,88,89
4tkb	A	115,126,128,16,20,57,58,75,76,78
4tkh	A	115,126,128,16,20,33,75,76,78
4tkj	A	115,126,128,16,20,29,33,53,55,58,59,75,76,78
4wbk	A	115,126,128,20,33,53,58,76,78
4z69	A	150,152,251,254,257,258,283,284,287,46,66,69,70
4z69	A	410,411,418,422,430,457,460,464,488,489
4z69	I	150,152,22,254,257,258,283,284,287,46,66,70
4z69	I	387,411,414,418,422,457,460,464,488,489
4zfb	A	188,25,26,260,263,329,330,437,438,51,74,78,82,87
4zga	A	249,250,255,261,275,82
5azb	A	102,139,235,259,262,270
5azb	A	109,113,128,131,135,138,139,142,143,228,232,256,30
5b27	A	115,126,128,16,20,29,33,38,53,55,57,58,76,78
5b28	A	115,126,128,20,33,53,55,58,75,76,78
5b29	A	115,126,128,20,29,33,53,57,76
5bvs	A	107,116,118,127,129,17,24,26,34,39,54,57,58,76,77
5bvs	B	107,116,118,127,129,17,21,24,34,39,57,58,77,79
5ce4	A	10,104,106,115,117,126,128,16,19,20,23,25,29,33,36,38,40,53,55,57,58,59,60,74,75,76,78
5csd	A	109,110,113,117,120,121,124,140,147,18,25,41,44,47,51,83,86,87,90
5csd	A	11,124,128,136,139,14,140,143,58,64,76,79,83
5csd	B	109,113,117,120,121,124,140,147,18,25,40,41,44,47,51,83,86,87
5csd	B	11,124,128,135,136,139,140,143,64,76,79,83
5csd	C	11,113,117,120,124,14,143,147,15,47,51,64,69,72,76,79,83
5csd	D	11,113,120,124,136,14,143,147,15,47,51,64,69,72,79,83
5cwe	A	167,229,233,237,284,285,82,84
5cwe	B	167,229,232,233,237,382,82,84
5e7x	A	101,108,138,142,146,149,150,157,161,165,172,43,72,76,94,97
5ecf	B	101,105,146,149,153,161,164,165,36,40,43,89,94,97
5ecf	I	101,145,146,149,153,157,160,161,164,165,36,39,40,83,89,97,98
5ecf	I	101,104,105,108,134,135,138,168,172,47,50,69,72,76
5ecf	J	101,105,146,149,153,160,164,165,168,36,40,97,98
5epq	A	100,113,22,33,53,57,58,61,63,76,81,84
5ezu	A	3,30,49,5
5ezu	B	49
5fb7	A	109,113,117,120,121,140,147,18,25,40,41,44,47,51,83,86,87,90
5fb7	A	11,120,124,128,135,136,139,140,143,69,72,76,79
5fb7	B	109,113,117,120,121,124,140,147,18,25,40,41,44,47,51,83,87,90
5fb7	B	11,124,128,135,136,139,140,143,15,64,69,72,76,79
5fb7	C	109,110,113,117,120,121,124,140,147,25,40,41,47,51,83,87,90
5fb7	C	11,120,124,128,136,139,14,140,143,15,18,64,69,72,73,76
5fb7	D	109,110,113,117,120,121,140,143,147,25,47,51,83,90
5fb7	D	11,124,136,139,14,140,143,15,18,64,69,72,73,76,79
5fus	A	103,107,110,111,135,138,167,255,44,49,83,84,88
5fus	B	103,107,110,111,135,138,139,167,255,44,49,82,83,84,88
5fus	C	103,107,110,111,135,138,167,255,44,49,83,84,88
5gix	A	117,135,138,139,158,161,182,186
5gix	A	10,14,150,152,22,250,251,254,257,283,284,287,46,66,69,70
5gix	A	342,344,348,387,391,446,450,453,485
5gix	A	410,411,418,457,460,464,473,485,488,489
5gix	A	401,502,507,525,528,529,532,535,547,548,551,579
5gix	A	209,210,212,213,216,324,327,328,351,354
5gix	B	117,135,138,139,158,161,165,186
5gix	B	10,14,150,22,23,251,254,257,258,284,287,46,66,69,70
5gix	B	342,344,348,387,446,450,453,485
5gix	B	387,410,411,414,418,457,460,464,473,488,489
5gix	B	401,405,502,507,509,525,528,532,535,547,548,551,552,579,580
5gix	B	209,210,213,216,232,324,351
5giy	A	115,117,135,138,139,158,161,165
5giy	A	10,14,150,22,23,251,254,257,283,284,287,46,66,69
5giy	A	342,344,348,384,387,391,430,433,434,453,485
5giy	A	387,410,411,418,460,464,485,488,489
5giy	A	401,502,507,525,528,529,532,535,547,548,551,579,580
5giy	A	209,210,212,213,216,232,324,327,328,347,351,354
5j5k	A	104,107,108,127,130,131,134,138,168,41,44,48,51,58,61,62,65,68
5j5l	A	104,107,108,111,126,127,130,131,134,138,168,44,47,48,51,57,58,61,62,72
5lke	A	105,107,46,54,58,60,69,71,84
5lkf	A	105,107,46,54,56,60,69,84,92,94
5m0p	A	170,173,23,245,246,292,294,296,317,38,41,46,78
5m0p	B	170,173,176,245,246,292,294,296,317,41,78
5ncc	A	130,171,386,451,453,455,456,457,462,465,466,469,484,486,575
5ncc	B	171,451,453,455,456,457,462,465,466,469,484,486,574,575
5ncc	C	171,451,453,455,456,457,462,463,465,466,469,484,486,574,575
5ncc	D	134,171,451,453,456,457,462,463,465,466,469,484,486,574,575
5nty	A	104,121,133,135,29,32,35,36,37,55,57,73,74,75,88,90,98
5nu2	A	104,121,133,135,137,29,32,35,36,37,55,73,75,88,90
5nu6	A	104,121,133,135,137,29,32,35,36,37,45,57,73,88,90
5nu8	A	104,121,133,135,29,32,35,36,37,55,73,75,88,90
5nu9	A	104,121,133,135,137,29,32,35,36,37,45,55,57,73,74,75,88,90
5nua	A	121,133,29,32,35,36,37,55,57,88,90
5nub	A	121,133,29,32,35,36,37,45,57,88,90
5okl	B	198,221,222,225,244,264,294,298,452
5uc9	A	134,156,167,226,230,233,234,53,70,74
5uc9	B	156,167,187,230,233,234,49,53,54,57,58,70,74
5uc9	C	134,156,187,226,230,233,234,53,57,70,74
5uc9	D	156,167,187,230,233,234,53,54,57,70,74,77
5uto	A	121,124,158,173,193,198,233,263,266,267,270,271,277,278,279,28,62,63,64,94,95
5uto	B	120,121,124,158,173,193,198,233,263,266,267,270,271,277,278,279,28,62,63,64,94,95,96
5uwg	B	132,135,137,81
5uwg	A	132,135,81,84
5woo	A	121,158,173,193,198,263,266,267,270,271,28,62,63,64,94,95
5woo	B	120,121,158,173,193,198,233,266,267,270,271,28,62,63,64,94,95,96
5yhj	A	167,239,240,243,285,286,287,288,74,78
5yhj	B	167,170,239,240,243,285,286,287,288,74,78
5z0b	A	195,198,199,211,214,215,451,452,455
5z0b	A	138,142,145,146,161,185,186,189,190
5z0b	B	195,198,199,211,214,215,218,451,452,455
5z0b	B	114,138,142,145,146,149,161,185,186,189,190
5z0b	B	209,212,213,216,324,325,327,328,350,351,354
5z0b	C	195,198,199,211,214,215,451,452,455
5z0b	C	138,142,146,149,157,161,182,185,186,189,190
6aq3	A	138,142,146,60,63,74,80,83,88,92
6aq3	C	22,26
6aq3	B	139,142,143,146,147,23,55,60,63,74,80,84,88,89,93
6aq3	D	22
6aq3	C	138,142,146,60,63,74,80,83,88,92
6aq3	A	22
6aq3	D	138,139,142,147,60,63,74,80,84,88,89,92,93
6aq3	B	26
6aq3	E	138,139,142,143,146,23,60,63,74,80,83,88
6aq3	F	26
6aq3	F	138,139,142,143,146,147,60,63,64,74,80,84,88,89,93
6aq3	E	22
6b80	A	2,22,28,29,3,30,45,48,49,6,9
6b80	B	121
6b80	B	19,2,22,28,29,3,30,45,48,49,5,9
6b80	A	120,121,123,125,31
6dj6	A	119,120,158,171,258,261,262,265,270,271,272,29,62,63,64,93,94
6dj6	B	119,120,158,171,258,261,262,265,270,271,272,29,62,63,64,93,94
6dke	A	120,121,123,157,159,172,192,198,232,261,265,268,269,28,61,62,63,89,93,94
6e12	A	117,120,136,140,150,152,153,159,160,25,26,28,31,35,39,44,47
6e12	B	112,116,117,120,136,140,150,152,159,160,25,26,28,31,39,44,47
6fyj	A	172,176,244,245,291,292,293,294,402,403,80
6gk6	A	242,243,247,290,292,293,393,92
6ksi	A	190,193,194,219
6ksi	A	197,198,213,218,219,220
6ksi	A	178,287,290
6ksi	B	190,193,219
6ksl	A	116,117,17,174,188,242,309,349
6ksl	B	116,117,16,17,174,178,242,309,349
6ksl	B	178,287,290
6ksm	A	190,193,219
6ksm	A	27,28,29
6ksm	B	190,193,219
6ksm	B	287,290
6ksm	B	195,28
6l4k	A	117,135,138,139,158,161,182
6l4k	A	10,150,152,23,251,254,257,258,284,287,46,69
6l4k	A	342,344,348,387,391,430,433,446,450,453,485
6l4k	A	387,411,418,457,460,464,473,488,489
6l4k	A	401,502,507,525,528,532,535,547,548,551,552,579,580
6l4k	A	209,210,213,216,228,232,324,327,350,354
6l4k	I	117,135,138,158,161
6l4k	I	10,150,152,23,250,251,254,257,258,283,284,287,46,66,69,70
6l4k	I	342,344,348,387,388,403,430,433,434,438,446,453,485
6l4k	I	387,411,418,422,457,460,464,488,489
6l4k	I	401,507,525,528,535,548,551,552,576,579,580
6l4k	I	209,210,216,232,324,327,350,351,354
6lq6	A	127,130,133,134,136,160,198,296,299,303,446,447,96,97
6lq6	B	108,111,115,126,130,133,134,137,160,161,162,198,296,299,303,446,447
6lx6	A	241,247,250,251,254,255,272,275,276,277,279,280,314,318,321,330,332,339,354,355,440,464
6lx7	A	241,247,250,251,254,255,272,273,275,276,277,279,280,314,318,321,330,332,333,339,354,355,440,444,460,464
6lx8	A	241,247,250,251,254,255,272,273,275,276,277,279,280,314,318,321,330,332,339,354,355,440,444,460,464
6lx9	A	241,247,250,251,254,255,272,273,275,276,277,279,280,314,318,321,330,332,333,339,354,355,440,444,460,464
6nbn	A	104,105,107,108,11,116,119,12,120,15,32,35,37,46,47,50,51,54,56,6,63,68,71,72,85,88,89
6nbn	A	104,105,107,108,11,116,119,120,15,32,35,37,46,47,50,51,54,56,6,63,68,71,72,85,88,89
6nbn	A	104,105,107,108,11,116,119,12,120,15,32,35,37,46,47,50,51,54,56,6,63,68,71,72,85,88,89
6nbn	A	104,105,107,108,11,116,119,120,15,32,35,37,46,47,50,51,54,56,6,63,68,71,72,85,88,89
6nbn	A	104,105,107,108,11,116,119,120,15,32,35,37,46,47,50,51,54,56,6,63,68,71,72,85,88,89
6nbn	A	104,105,107,108,11,116,119,120,15,32,35,37,46,47,50,51,54,56,6,63,68,71,72,85,88,89
6nbn	A	104,105,107,108,11,116,119,12,120,15,32,35,37,46,47,50,51,54,56,6,63,68,71,72,85,88,89
6nbn	A	104,105,107,108,11,116,119,12,120,15,32,35,37,46,47,50,51,54,56,6,63,68,71,72,85,88,89
6nbn	A	104,105,107,108,11,116,119,12,120,15,32,33,35,37,46,47,50,51,54,56,6,63,68,71,72,85,88,89
6nbn	A	104,105,107,108,11,116,119,12,120,15,32,35,37,46,47,50,51,54,56,6,63,68,71,72,85,88,89
6nbn	A	104,105,107,108,11,116,119,12,120,15,32,35,37,46,47,50,51,54,56,63,68,71,72,85,88,89,90
6nbn	A	104,105,107,108,11,116,119,12,120,15,32,33,35,37,46,47,50,51,54,56,63,68,71,72,85,88,89
6nbn	A	104,105,107,108,11,116,119,120,15,32,35,37,46,47,50,51,54,56,6,63,68,71,72,85,88,89
6nbn	A	104,105,107,108,11,116,119,120,15,32,35,37,46,47,50,51,54,56,6,63,68,71,72,85,88,89
6nbn	A	104,105,107,108,11,116,119,120,15,32,33,35,37,46,47,50,51,54,56,6,63,68,71,72,85,88,89
6nbn	A	104,105,107,108,11,116,119,12,120,15,32,35,37,46,47,50,51,54,56,6,63,68,71,72,85,88,89
6nbn	A	104,105,107,108,11,116,119,12,120,15,32,33,35,37,46,47,50,51,54,56,6,63,68,71,72,85,88,89
6nbn	A	104,105,107,108,11,116,119,120,15,32,35,37,46,47,50,51,54,56,6,63,68,71,72,85,88,89
6nbn	A	104,105,107,108,11,116,119,12,120,15,32,35,37,46,47,50,51,54,56,6,63,68,71,72,85,88,89
6nbn	A	104,105,107,108,11,116,119,120,15,32,35,37,46,47,50,51,54,56,6,63,68,71,72,85,88,89
6nbn	A	104,105,107,108,11,116,117,119,120,15,32,35,37,46,47,50,51,54,56,63,68,71,72,85,88,89
6nbn	A	104,105,107,108,11,116,119,120,15,32,33,35,37,46,47,50,51,54,56,6,63,68,71,72,85,88,89
6nbn	A	104,105,107,108,11,116,119,120,15,32,35,37,46,47,50,51,54,56,6,63,68,71,72,85,88,89
6nbn	A	104,105,107,108,11,116,119,12,120,15,32,33,35,37,46,47,50,51,54,56,6,63,68,71,72,85,88,89
6nbn	A	104,105,107,108,11,116,119,120,15,32,35,37,46,47,50,51,54,56,63,68,71,72,85,88,89
6nbn	A	104,105,107,108,11,116,119,12,120,15,32,35,37,46,47,50,51,54,56,63,68,71,72,85,88,89
6nbn	A	104,105,107,108,11,116,119,12,120,15,32,35,37,46,47,50,51,54,56,63,68,71,72,85,88,89
6nbn	A	104,105,107,108,11,116,119,120,15,32,35,37,46,47,50,51,54,56,6,63,68,71,72,85,88,89
6nbn	A	104,105,107,108,11,116,117,119,120,15,32,33,35,37,46,47,50,51,54,56,6,63,68,71,72,85,88,89
6nbn	A	104,105,107,108,11,116,119,120,15,32,35,37,46,47,50,51,54,56,6,63,68,71,72,85,88,89
6nok	A	120,157,159,172,192,198,261,264,265,268,269,61,62,63,89,93,94
6o1t	A	112,113,115,125,127,152,214,218,221,222,233,68,86
6o1t	B	113,127,214,218,221,68,71,80,83,86
6ofy	A	206,346,349,350,354,356,386,388,519,527,528,531,532
6ofy	B	206,349,350,353,356,382,386,527,528,531,532,535
6ogh	A	104,105,107,108,11,116,119,120,15,32,35,37,46,47,50,51,54,56,63,68,71,72,85,88,89
6oii	A	104,105,108,109,11,116,119,120,15,32,35,37,46,47,50,51,54,56,63,68,71,72,85,88,89
6oii	B	104,105,108,11,116,119,120,15,32,35,37,46,47,50,51,54,56,63,68,71,72,85,88,89
6omw	F	104,105,108,11,116,119,120,15,32,35,37,46,47,50,51,54,56,63,68,71,72,85,88,89
6omw	I	104,105,108,11,116,119,120,15,32,35,37,46,47,50,51,54,56,63,68,71,72,85,88,89
6omw	E	104,105,108,11,116,119,120,15,32,35,37,46,47,50,51,54,56,63,68,71,72,85,88,89
6opb	E	104,105,108,11,116,119,120,15,32,33,35,37,46,47,50,51,54,56,68,71,72,85,88
6opb	F	104,105,108,11,116,119,12,120,15,32,33,35,37,46,47,50,51,54,56,63,68,71,72,85,88,89
6opb	I	104,105,107,108,11,116,119,120,15,32,33,35,37,46,47,50,51,54,56,6,63,65,68,71,72,85,88,89
6or3	A	110,113,146,147,174,203,206,207,208,211,82,83,89,92,93,95
6p5q	A	101,108,134,158,159,162,165,190,194,236,239,240,35,41,57,61,64,65,68
6p5q	B	101,108,134,158,159,162,165,190,194,236,239,240,35,41,57,61,64,65,68
6pt2	B	325,328,69
6pt2	A	106,107,110,111,57
6pt2	A	127,130,166,169,173,80,86,93,97
6pt2	B	318,322
6pt2	B	273
6pt2	B	166,173,80,86
6pt2	B	285,286
6pt2	B	122,184,185
6qgo	B	119,120,145,149,176,181,185,208,29,30,77,78,79,80
6qgq	B	119,120,145,146,149,176,177,181,184,185,208,29,30,75,77,78,79,80
6qgq	D	119,120,145,176,177,181,30,75,77,78,79,80,82
6qgs	D	119,120,145,149,176,181,184,185,208,29,30,77,78,80
6qgs	A	119,120,145,149,176,177,181,184,185,30,75,77,78,79,80
6rwp	A	103,105,107,46,54,56,58,69,92,94
6rwq	A	105,107,118,120,39,56,58,69,71
6rwr	A	105,107,39,41,46,54,56,58,69,71,84,92
6u1u	A	273,289,291,302,312,350,353,355,356,380,381
6u73	A	273,312,314,322,350,353,355,356,381
6v8l	D	100,117,132,136,139,140,6
6vvq	C	426,428,449,452,455,456,476,488,490,508,527,530,546,548,551,554,557,569,572,573
6zb4	C	338,358,365,369,374,377,387,392,395,513
6zb4	B	338,363,365,369,374,387
6zb4	A	409
6zb4	A	338,358,363,365,369,374,377,387,392,513
6zb4	C	408
6zb5	C	408
6zb5	A	363,365,374,377,392,395,513,515
6zb5	C	338,363,369,377,387,392,513,515
6zb5	B	409,416,417
6zb5	B	338,358,365,369,374,377,387,392,395
6zb5	A	415,416
6zp2	A	408,415
6zp2	B	336,338,358,363,365,368,369,374,377,392,395,434,513,515,524
6zp2	C	336,338,358,363,365,368,369,374,377,392,395,434,513,515,524
6zp2	B	408,415
6zp2	A	336,338,358,363,365,368,369,374,377,392,395,434,513,515,524
6zp2	C	408,415
7a77	A	268,271,272,275,306,313,316,326,327,345,346,432,435,436,439
7a78	A	339,342,343,346,377,384,387,397,398,413,416,417,503,506,507,510
7a79	A	269,272,273,276,307,314,317,327,328,346,433,437,440
7a79	B	269,272,273,276,307,314,317,327,328,346,347,433,437,440
7jji	C	336,338,358,365,369,372,374,377,395,434,513,524
7jji	A	409,416,417
7jji	A	336,338,358,365,369,372,374,377,395,434,513,524
7jji	B	409,416,417
7jji	B	336,338,358,365,369,372,374,377,395,434,513,524
7jji	C	409,416,417
