PDB	PocketNumber	Pocket_Score	Drug_Score	Number_of_V._Vertices	Mean_alpha.sphere_radius	Mean_alpha.sphere_SA	Mean_B.factor	Hydrophobicity_Score	Polarity_Score	Volume_Score	Real_volume	Charge_Score	Local_hydrophobic_density_Score	Number_of_apolar_alpha_sphere	Proportion_of_apolar_alpha_sphere	SASA	AlphaHelix	Coil	Strand	Turn	Bridge	Helix310	distance	ligandResidueType	pocketPolcar	ligandResidueInfo	pocketSphereRadius	correctPocket	correctBinary
1EH5	0	33.1903	0.8841	90	3.6325	0.4229	0.1426	50.381	7	4.0476	579.6097	-1	49.5263	76	0.8444	544.7	8	2	7	4	0	0	7.0713928613817	PLM	POL	O1_2269	3.36	FALSE	0
1EH5	1	29.7417	0.0758	75	4.0454	0.5787	0.1421	25.0588	10	4.2941	599.5703	1	14.5	16	0.2133	973.1	0	1	2	12	0	2	6.76733839851385	PLM	POL	C5_2273	3.07	FALSE	0
1EH5	2	26.2978	0.0283	84	3.821	0.4789	0.1125	16.85	8	3.7	538.7684	-2	8.3077	13	0.1548	591.8	5	5	3	6	0	1	16.0203092354673	PLM	APOL	C7_2275	3.22	FALSE	0
1EH5	3	21.1723	0.7793	57	4.0362	0.5789	0.228	54.5	3	4	498.2252	0	47.04	50	0.8772	416.9	2	1	0	4	1	2	0.272079032635744	PLM	APOL	CD_2281	4.55	TRUE	1
1EH5	4	20.355	0.3559	49	3.8824	0.4504	0.0452	55.2667	7	4.9333	326.9617	-1	25.8519	27	0.551	473	1	2	0	8	2	2	0.191940094821273	PLM	APOL	C7_2275	4.43	TRUE	1
1EH5	5	19.9924	0.2197	61	3.8594	0.4687	0.5614	52.1667	4	4.8333	506.8095	0	28.4667	30	0.4918	927.7	0	2	0	10	0	0	27.8414124282516	PLM	POL	O1_2269	3.68	FALSE	0
1EH5	6	18.6617	0.0684	55	3.7109	0.5138	0.0869	36.8	5	4.1	479.1973	1	24.3846	26	0.4727	421.8	0	2	4	0	0	4	16.5491300677709	PLM	POL	C5_2273	3.53	FALSE	0
1EH5	7	12.133	0.0076	45	3.7073	0.6054	0.2959	-4.8889	5	3.6667	451.664	1	6	7	0.1556	556.3	2	0	0	7	0	0	7.46102030556143	PLM	POL	CG_2284	3.06	FALSE	0
1EH5	8	10.5852	0.1323	39	3.4516	0.3953	0.1221	57.8182	3	4.9091	181.3396	2	6	7	0.1795	260.8	4	1	2	4	0	0	19.8032518794263	PLM	POL	C1_2268	3.02	FALSE	0
1EK4	0	49.2523	0.7512	306	3.6332	0.4737	0.1492	27.5918	28	4.0408	1413.649	-4	64.2556	180	0.5882	897.3	19	10	4	10	2	4	0.277317507561274	DAO	APOL	C5_5987	3.99	TRUE	1
1EK4	10	4.2638	0.0067	45	4.0041	0.6164	0.2299	1.7778	6	3.4444	631.6539	-1	24.2143	28	0.6222	463.7	7	2	0	0	0	0	16.498872476627	DAO	POL	O1_5969	3.29	FALSE	0
1EK4	11	2.0533	0.006	36	3.771	0.5943	0.1238	4.3333	4	3.8333	376.1168	-1	20.6364	22	0.6111	363.4	6	0	0	0	0	0	12.6056300516872	DAO	APOL	C12_5994	3.07	FALSE	0
1EK4	12	1.7237	0.008	38	4.389	0.7302	0.2788	9.25	5	3.125	706.4354	0	25.5714	28	0.7368	600.3	0	1	2	2	0	3	23.2336654663013	DAO	APOL	C2_5984	3.58	FALSE	0
1EK4	13	1.1322	0.0107	45	3.8185	0.4935	0.3016	23.4545	5	3.3636	528.1935	0	6	7	0.1556	755.4	2	8	1	0	0	0	29.3752541776237	DAO	POL	C1_5983	3.03	FALSE	0
1EK4	14	0.7677	0.0201	44	4.4921	0.6636	0.1052	34.5556	4	4.7778	871.3095	1	6	7	0.1591	494	6	2	1	0	0	0	25.7570091625561	DAO	APOL	C7_5989	3.4	FALSE	0
1EK4	1	36.4938	0.2649	188	3.6497	0.4566	0.1583	19.6765	22	3.9118	902.9575	0	52.8421	95	0.5053	737	10	9	5	7	2	1	1.91161763959218	DAO	POL	O1_5969	3.12	FALSE	0
1EK4	2	18.5448	0.6059	104	3.7271	0.5171	0.1196	40.9412	8	4.2353	337.7416	-2	65.2329	73	0.7019	180.5	8	1	1	3	0	4	0.25700194551793	DAO	APOL	C10_5979	3.98	TRUE	1
1EK4	3	8.5537	0.0057	54	3.658	0.5311	0.1637	-10.4667	11	2.8	487.6505	0	7.4545	11	0.2037	549.7	3	6	1	2	2	1	20.569827320617	DAO	POL	C7_5989	3.04	FALSE	0
1EK4	4	8.355	0.0048	61	4.0409	0.5845	0.2334	-14.1818	9	3	446.2658	1	1.3333	3	0.0492	361.3	2	5	0	2	2	0	20.6477364618982	DAO	POL	C7_5976	3.15	FALSE	0
1EK4	5	7.3951	0.05	59	3.7003	0.5092	0.167	37.9231	7	4.6154	448.6134	3	32.4865	37	0.6271	602	5	3	0	5	0	0	11.0792664468366	DAO	POL	C3_5972	3.08	FALSE	0
1EK4	6	6.7141	0.0336	56	3.8505	0.5154	0.225	33	6	4.3333	620.1093	3	32.1765	34	0.6071	563.7	5	3	0	4	0	0	13.1539225328417	DAO	APOL	O1_5982	3.09	FALSE	0
1EK4	7	5.6462	0.008	68	3.2409	0.4094	0.076	12	7	2.8182	235.8131	0	17	22	0.3235	91.9	3	2	8	7	0	0	5.55385451735999	DAO	POL	C10_5979	3.26	FALSE	0
1EK4	8	4.787	0.0222	40	4.0458	0.5017	0.1508	34.1667	7	4.4167	465.7793	-1	5	6	0.15	463.1	6	1	4	1	0	0	20.6421188108198	DAO	APOL	O1_5982	3.04	FALSE	0
1EK4	9	4.5082	0.0222	38	3.9646	0.4847	0.1684	34.1667	7	4.4167	410.2033	-1	5	6	0.1579	465.3	6	1	4	1	0	0	20.7103231746875	DAO	APOL	O1_5969	3.03	FALSE	0
1PZX	0	37.038	0.841	150	3.7122	0.4842	0.1159	35.1111	11	3.4444	705.8413	-2	65.7917	96	0.64	511.9	8	5	11	3	0	0	0.167287178229531	PLM	POL	C1_2196	3.65	TRUE	1
1PZX	1	20.4321	0.0455	83	3.9204	0.5205	0.2153	12.4	11	3.05	627.6442	-1	20.1333	30	0.3614	390.8	4	5	5	6	0	0	9.21161880453159	PLM	POL	CG_2213	3.12	FALSE	0
1PZX	2	14.8906	0.0613	96	3.7783	0.5117	0.2108	40.2105	5	3.6842	723.8348	0	25.4286	35	0.3646	675.5	7	3	5	3	0	1	12.2808353950373	PLM	APOL	CE_2211	3.13	FALSE	0
1PZX	3	12.1867	0.0223	45	3.5851	0.4231	0.132	-2.2308	10	4.1538	294.1942	1	9.4545	11	0.2444	456.8	3	3	5	2	0	0	9.23046829797925	PLM	POL	CD_2210	3.35	FALSE	0
1PZX	4	10.7386	0.0081	66	4.1923	0.5396	0.3206	1.5833	5	3.4167	751.1498	0	13.0667	15	0.2273	733.3	4	6	2	0	0	0	21.4991195401114	PLM	POL	C2_2199	3.1	FALSE	0
1PZX	5	8.8507	0.0122	44	3.7525	0.4499	0.3018	11.5	6	3.8	326.7796	0	7	8	0.1818	508.3	5	2	2	1	0	0	3.46943943598963	PLM	POL	O1_2197	3.35	FALSE	0
1PZX	6	1.3042	0.0052	39	4.6033	0.7122	0.386	6.6364	1	2.7273	815.1371	-1	10	11	0.2821	650.9	4	3	3	1	0	0	19.0057045120669	PLM	APOL	C2_2199	4.52	FALSE	0
1TED	0	34.9801	0.4311	308	3.6056	0.4569	0.1794	28	33	4.3115	1587.3368	6	52.8315	178	0.5779	1381.4	15	10	15	16	3	2	12.9624964416581	MYR	APOL	O1_5432	3.03	TRUE	1
1TED	10	4.1408	0.0237	53	3.8597	0.5284	0.2077	34	7	4	337.1779	-1	19.6923	26	0.4906	563.8	7	0	3	2	0	0	22.9808079492432	MYR	POL	C14_5462	4.52	FALSE	0
1TED	11	3.1015	0.0271	41	3.6396	0.527	0.1519	36.2	6	4.7	443.0984	-2	20.9091	22	0.5366	353.6	4	0	5	1	0	0	13.7103150583785	MYR	APOL	C14_5446	3.02	FALSE	0
1TED	12	2.7375	0.0134	50	4.2766	0.6487	0.1517	21.75	4	3.75	562.4878	-2	29.8065	31	0.62	381.8	2	0	1	4	1	0	22.3281809379985	MYR	POL	O1_5432	3	FALSE	0
1TED	13	2.709	0.0544	49	3.7034	0.5202	0.1781	46.1111	5	5	346.944	2	21	22	0.449	491	2	2	1	4	0	0	12.0206926173162	MYR	APOL	O1_5432	3.07	FALSE	0
1TED	14	2.2476	0.0388	58	3.8667	0.5525	0.1823	37.5385	5	4.2308	488.9537	-2	31.6364	33	0.569	353	4	1	4	4	0	0	30.7245254804692	MYR	APOL	C14_5446	3.06	FALSE	0
1TED	15	1.7041	0.0127	67	4.2191	0.6036	0.1467	15.5	5	3.7143	1139.2405	-2	33.8889	36	0.5373	735.1	6	4	2	2	0	0	28.3884733474697	MYR	APOL	C14_5446	3	FALSE	0
1TED	16	1.2967	0.017	61	4.226	0.6069	0.1729	24.25	4	3.8333	879.3665	-2	32.4118	34	0.5574	588.8	5	4	1	2	0	0	29.3527731228244	MYR	POL	O1_5432	3.61	FALSE	0
1TED	17	0.8191	0.0102	44	4.0662	0.6557	0.4322	13	4	3.5714	606.783	-1	31.8788	33	0.75	514	7	0	0	0	0	0	31.2815378298446	MYR	POL	O1_5432	3.13	FALSE	0
1TED	18	0.7995	0.0093	37	4.4066	0.6904	0.459	13	4	3.5714	496.5673	-1	29.6774	31	0.8378	525.4	7	0	0	0	0	0	37.9288116080639	MYR	APOL	C14_5446	3.07	FALSE	0
1TED	19	-0.1647	0.3926	45	3.4285	0.4226	0.0958	68.4286	1	3.8571	195.7723	0	41.5814	43	0.9556	118.5	6	0	8	0	0	0	24.9127375051398	MYR	APOL	C10_5442	3.85	FALSE	0
1TED	1	30.1511	0.056	506	3.5757	0.4457	0.1143	27.7347	26	3.9388	3085.1128	1	25.0064	157	0.3103	1542.3	28	3	40	22	1	0	1.1816179585636	MYR	POL	C14_5446	3.78	FALSE	0
1TED	20	-0.5261	0.0112	48	4.2022	0.5974	0.3435	24.75	5	3.5833	826.3295	1	7	8	0.1667	686.1	8	3	1	0	0	0	48.0327389808243	MYR	POL	O1_5432	3.12	FALSE	0
1TED	21	-0.6009	0.0168	43	3.8701	0.5758	0.2	30.6	5	4	602.5023	-1	16	17	0.3953	597.8	1	2	4	3	0	0	1.26045309313754	MYR	POL	C14_5462	5.7	FALSE	0
1TED	22	-1.2503	0.014	53	4.1396	0.6153	0.3118	29.0909	4	3.3636	742.3503	0	9	10	0.1887	698.8	7	4	0	0	0	0	33.9827484762489	MYR	POL	C5_5437	3.15	FALSE	0
1TED	23	-1.5574	0.0385	37	4.2327	0.678	0.1781	41.9091	2	3.5455	593.0716	0	24	25	0.6757	669.8	5	4	1	0	0	1	18.7476711620404	MYR	APOL	C14_5462	3.66	FALSE	0
1TED	24	-1.8604	0.0054	41	4.2674	0.5365	0.4406	6	5	3.9	829.6995	0	7.7778	9	0.2195	700	3	5	0	2	0	0	40.3553770023277	MYR	POL	O1_5432	3.33	FALSE	0
1TED	25	-2.2461	0.0249	43	3.5811	0.4696	0.173	37.1667	6	4.25	413.6235	-2	3.2	5	0.1163	572	5	3	2	0	0	2	37.437430160202	MYR	APOL	C7_5439	3.01	FALSE	0
1TED	26	-3.8916	0.0126	39	4.0501	0.5857	0.2097	28.125	3	4	689.6241	-1	6	7	0.1795	692.3	6	1	0	0	0	1	24.3834431735963	MYR	POL	C14_5446	3.01	FALSE	0
1TED	2	16.9948	0.1816	204	3.6608	0.4776	0.183	31.525	17	4.125	884.9222	3	51.0365	137	0.6716	663.6	10	4	9	12	2	3	29.5662765663856	MYR	APOL	C5_5437	3.04	TRUE	1
1TED	3	16.7812	0.346	142	3.9243	0.4957	0.1954	23.619	11	3.7619	887.8374	2	68.3478	92	0.6479	892.1	15	4	1	1	0	0	22.0598655254288	MYR	POL	O1_5432	3.04	FALSE	0
1TED	4	14.52	0.2602	102	4.0856	0.5378	0.2205	30.1111	11	4.1111	846.4725	2	59.2836	67	0.6569	730.7	13	3	1	1	0	0	39.1430881254916	MYR	APOL	C14_5446	3.41	FALSE	0
1TED	5	6.5218	0.0506	106	3.8659	0.4889	0.3977	29.8824	7	4	798.0983	-1	42.9836	61	0.5755	1023.7	11	6	0	0	0	0	34.7813554221224	MYR	APOL	O1_5432	3.04	FALSE	0
1TED	6	5.7738	0.0277	95	3.8305	0.5015	0.5569	27.4	6	3.9333	570.7797	-1	37.122	41	0.4316	847.8	9	6	0	0	0	0	44.501329339695	MYR	POL	O1_5432	3.09	FALSE	0
1TED	7	5.6955	0.0196	67	3.968	0.5639	0.1698	28.4286	9	3.7143	663.6747	-1	24.1935	31	0.4627	686.8	7	0	5	2	0	0	1.00348094152306	MYR	POL	O2_5433	4.1	FALSE	0
1TED	8	5.0621	0.0309	56	3.9176	0.5308	0.1446	37	7	4.6667	553.49	-1	23	24	0.4286	442.1	4	0	6	2	0	0	25.1992874700853	MYR	APOL	C7_5439	3.22	FALSE	0
1TED	9	4.6571	0.0673	44	3.9846	0.4932	0.2345	46.6923	8	4.8462	536.7808	0	24.2308	26	0.5909	766.2	0	2	6	5	0	0	22.4660028264932	MYR	APOL	C8_5440	3.08	FALSE	0
1UK8	0	42.8924	0.8095	236	3.6172	0.4681	0.1785	31.9048	21	4.2619	1124.63	-1	65.6076	158	0.6695	1014.8	20	9	1	10	0	2	45.4694996453667	LEA	APOL	C6_2146	3.79	TRUE	1
1UK8	1	8.6076	0.0219	57	3.3509	0.4871	0.0869	31.2	7	3.9333	173.694	0	13.875	16	0.2807	202.7	5	1	0	9	0	0	43.4034420178861	LEA	POL	C6_2146	3.18	FALSE	0
1UK8	2	5.3607	0.006	39	4.9287	0.6289	0.432	2.7	6	3.6	682.1002	-1	8	9	0.2308	803.3	3	2	0	5	0	0	36.2378826368208	LEA	POL	C6_2146	5.25	FALSE	0
1UK8	3	4.7982	0.0044	50	4.1368	0.522	0.2815	-17.6667	6	2.6667	619.6157	-1	4	5	0.1	546.4	4	5	0	0	0	0	57.9448151088603	LEA	POL	C6_2146	3.67	FALSE	0
1UK8	4	4.2068	0.131	36	3.5545	0.4471	0.0838	54.5556	4	4.3333	227.2952	1	29	30	0.8333	301.1	5	2	0	2	0	0	47.0875138969982	LEA	APOL	C6_2146	3.35	FALSE	0
1UK8	5	2.0188	0.0057	37	4.3963	0.6108	0.2455	8.7143	3	4	543.2155	-1	5	6	0.1622	410.8	4	0	0	3	0	0	42.1343648581535	LEA	POL	C6_2146	4.61	FALSE	0
1XVP	0	34.5478	0.7629	213	3.6617	0.4751	0.0929	41.1667	11	4.1333	935.273	2	110.6349	189	0.8873	610.7	25	1	3	1	0	0	55.1582457480294	F15	APOL	H3_4042	3.05	TRUE	1
1XVP	10	6.2298	0.0094	54	3.3558	0.4537	0.1154	15.6667	5	3.2222	176.0772	-2	24.8966	29	0.537	253.9	8	0	0	1	0	0	69.5875924213505	F15	POL	H23_4025	3.06	FALSE	0
1XVP	11	5.733	0.0081	63	3.5676	0.4661	0.1419	10.4167	6	4.1667	358.8701	-2	10.3333	18	0.2857	597.2	3	3	2	2	0	2	72.4837949475605	F15	APOL	O2_4008	3.19	FALSE	0
1XVP	12	4.911	0.0279	82	3.3589	0.3985	0.3916	33.2941	5	3.5882	402.022	0	40.209	67	0.8171	556.2	16	1	0	0	0	0	70.9483387966202	F15	POL	H36_4040	3.03	FALSE	0
1XVP	13	4.7413	0.0193	57	3.8774	0.5488	0.3993	27.3333	7	4.1667	638.3778	-2	18.4762	21	0.3684	734.1	8	0	0	4	0	0	86.3060642249431	F15	POL	H3_4042	3.37	FALSE	0
1XVP	14	4.6549	0.4417	51	3.4804	0.4907	0.2411	89	2	5.3333	136.3174	0	46	47	0.9216	55.2	9	0	0	0	0	0	63.5045148473713	F15	APOL	H23_4025	3.23	FALSE	0
1XVP	15	4.1775	0.0108	49	4.4623	0.6533	0.1131	20	4	3.8571	530.6975	-2	30	31	0.6327	379.2	5	2	0	0	0	0	51.6142186320785	F15	APOL	H3_4042	4.45	FALSE	0
1XVP	16	1.8009	0.1091	39	4.404	0.5681	0.1479	54.4545	5	5.1818	727.6041	-1	23	24	0.6154	650.8	6	1	0	3	0	1	61.1328112064217	F15	POL	O3_4009	4.87	FALSE	0
1XVP	17	1.756	0.01	36	4.3693	0.5827	0.3225	13.75	7	3.5833	588.621	-3	9.3333	12	0.3333	547.5	4	1	1	2	0	4	89.1636096958843	F15	APOL	H25_4027	3.06	FALSE	0
1XVP	18	1.4004	0.0196	39	3.3374	0.3628	0.1226	32.6	4	3.8	186.366	-2	9	10	0.2564	110.5	12	0	0	3	0	0	75.3073379293147	F15	POL	H3_4042	3.03	FALSE	0
1XVP	19	1.1969	0.0054	49	4.1554	0.5981	0.4677	-2.1111	5	3.2222	830.4279	-1	2	3	0.0612	724.3	8	1	0	0	0	0	91.709285293257	F15	POL	H36_4040	3.06	FALSE	0
1XVP	1	33.3286	0.5664	219	3.6336	0.4715	0.0967	42.1212	12	4.1515	899.0402	0	90.7302	189	0.863	464.9	26	2	4	0	0	1	69.8410564496271	F15	APOL	H23_4025	3.08	FALSE	0
1XVP	20	1.05	0.0447	43	3.5571	0.4585	0.675	44.1667	4	4.4167	389.4969	-1	6.75	8	0.186	650	5	5	0	2	0	0	95.4493745605491	F15	POL	H23_4025	3.02	FALSE	0
1XVP	21	0.6045	0.0774	52	3.2621	0.4038	0.2725	49.75	3	3.9167	195.1072	1	38.6538	52	1	343.7	9	3	0	0	0	0	51.7776208607541	F15	APOL	H3_4042	3.01	FALSE	0
1XVP	22	0.3697	0.2218	54	3.2262	0.3777	0.4041	68.0769	2	4.3846	172.7885	-1	37.1429	49	0.9074	189.1	12	1	0	0	0	0	89.0502243231313	F15	APOL	H4_4043	3.1	FALSE	0
1XVP	23	-0.1004	0.0349	47	3.591	0.5713	0.1589	41.6364	3	3.6364	484.901	0	11.5	16	0.3404	532.1	7	3	0	0	0	1	69.345845109855	F15	APOL	H27_4030	3.03	FALSE	0
1XVP	24	-0.8169	0.0432	40	3.9093	0.6047	0.6285	45	2	3.8571	563.9835	0	17.9	20	0.5	591.5	3	4	0	0	0	0	51.8645731207729	F15	APOL	O2_4008	5.36	FALSE	0
1XVP	25	-1.1027	0.0648	38	3.3863	0.4307	0.5801	50.75	2	4.625	229.028	1	10	11	0.2895	533.4	3	4	0	1	0	0	90.1258866031286	F15	POL	O2_4008	3.36	FALSE	0
1XVP	26	-1.8015	0.0075	39	3.6301	0.4635	0.6137	15.7	3	3.5	490.5013	0	7.6	10	0.2564	510.2	5	1	0	4	0	0	91.3322099699772	F15	POL	H4_4043	3.17	FALSE	0
1XVP	27	-2.4982	0.2151	37	3.1668	0.3346	0.1553	69.3636	1	4.1818	167.4213	-1	32.3429	35	0.9459	64.8	10	1	0	0	0	0	79.9541530753719	F15	APOL	H23_4025	3.02	FALSE	0
1XVP	2	26.0533	0.262	200	3.6706	0.4691	0.3797	43.6667	15	4.1212	1491.0372	-5	57.2319	138	0.69	1108.9	27	2	0	3	0	1	81.6868583677938	F15	APOL	H7_4044	3.08	FALSE	0
1XVP	3	21.7375	0.0455	160	3.6695	0.467	0.2019	16.0323	17	3.7742	1281.527	-2	13.7073	41	0.2562	1265	23	0	0	8	0	0	69.5840637071449	F15	POL	O2_4008	3.11	FALSE	0
1XVP	4	19.5607	0.0192	120	4.122	0.5461	0.1459	13.2	12	4	883.6929	2	16.4167	24	0.2	923.6	18	1	0	2	0	0	61.4428821264107	F15	POL	H4_4043	4.9	FALSE	0
1XVP	5	18.1208	0.0268	139	4.2892	0.5275	0.2639	21	11	3.72	1481.8344	-2	37.6154	52	0.3741	1316.1	17	5	0	3	0	0	59.258368143242	F15	APOL	O2_4008	3.18	FALSE	0
1XVP	6	18.0874	0.1716	162	3.5794	0.4706	0.1454	48.069	9	4.2069	733.7022	-1	57.5472	106	0.6543	657.5	27	1	0	1	0	0	72.5527282050786	F15	APOL	H3_4042	3.43	FALSE	0
1XVP	7	14.4779	0.0181	115	3.7595	0.4646	0.2904	18.8421	10	3.7895	692.6579	-3	18.5882	34	0.2957	894.1	9	3	1	6	0	0	65.7727635575699	F15	POL	H3_4042	3.07	FALSE	0
1XVP	8	7.6454	0.0348	76	4.0376	0.5172	0.434	36.7647	6	3.7647	591.4625	1	31.1667	36	0.4737	801.2	12	1	0	4	0	0	87.6620087837371	F15	APOL	H3_4042	3.41	FALSE	0
1XVP	9	6.9061	0.0067	51	4.3222	0.5931	0.1197	3.3333	6	3.75	570.4	-1	10	11	0.2157	441.2	6	0	0	6	0	0	65.2799645680051	F15	APOL	H3_4042	4.59	FALSE	0
2IWZ	0	46.1659	0.6462	237	3.6457	0.4844	0.1312	15.8537	23	3.6829	981.6927	-1	52.547	117	0.4937	652.9	10	11	4	9	2	4	10.2522443396556	6NA	POL	O_6551	3.03	TRUE	1
2IWZ	10	7.8419	0.0164	46	4.3336	0.6067	0.0947	24.8462	7	3.8462	574.6169	1	17.7895	19	0.413	566.8	7	3	2	1	0	0	40.3071586818024	6NA	POL	C6_6563	3.46	FALSE	0
2IWZ	11	6.9252	0.0046	52	3.8365	0.5387	0.1036	-7.1111	5	3.3333	279.2898	0	8	9	0.1731	444.8	5	0	2	2	0	0	37.3336164066649	6NA	POL	CB_6552	3.06	FALSE	0
2IWZ	12	5.2749	0.0101	37	3.9726	0.5941	0.1741	16.9091	8	3.8182	607.5899	1	6	7	0.1892	676.7	0	6	1	2	0	2	58.2082239722189	6NA	APOL	CB_6552	3.01	FALSE	0
2IWZ	13	5.1968	0.0077	38	3.8514	0.4911	0.1228	8.5455	7	3.5455	809.2256	0	13	14	0.3684	383.3	0	5	0	4	0	0	44.7882557597413	6NA	POL	C6_6563	3	FALSE	0
2IWZ	14	4.7996	0.0051	40	3.8001	0.4912	0.1604	-14	5	3.375	421.8512	-4	18	19	0.475	353.4	5	0	0	2	0	0	48.0099833263874	6NA	POL	C6_6563	3.7	FALSE	0
2IWZ	15	4.7434	0.0131	48	4.0008	0.496	0.2514	20.1	5	3.6	658.41	-2	21.6522	23	0.4792	680.7	7	0	0	2	0	1	35.5386550111284	6NA	POL	O_6559	3.08	FALSE	0
2IWZ	16	4.6677	0.0175	48	3.8722	0.57	0.18	25.6667	4	4.2222	578.7664	0	23	24	0.5	583	4	4	0	0	0	0	31.4813514957665	6NA	POL	O_6551	3.19	FALSE	0
2IWZ	17	4.5767	0.0133	46	4.4096	0.559	0.18	20.5455	6	3.8182	795.8818	-2	20	21	0.4565	753.7	5	1	0	2	0	3	49.2875194547261	6NA	POL	CB_6552	3.75	FALSE	0
2IWZ	18	4.3402	0.2315	45	3.2433	0.3709	0.2156	58.6364	4	4.4545	206.2168	0	29.2258	31	0.6889	69.1	4	12	1	0	0	0	31.2818503289048	6NA	POL	CB_6552	3.01	FALSE	0
2IWZ	19	2.7457	0.0081	40	4.7234	0.601	0.2048	12.3333	7	4.1111	1000.6522	2	8.4	10	0.25	723.6	1	3	0	5	0	0	3.96352797391415	6NA	POL	CA_6557	3.6	FALSE	0
2IWZ	1	40.5274	0.1355	257	3.9554	0.5244	0.1434	11.6429	21	3.4524	1968.8583	-2	36.4	95	0.3696	1285.9	15	12	3	9	2	1	39.9617586324726	6NA	POL	C6_6563	3.34	FALSE	0
2IWZ	20	2.4993	0.0081	43	3.8983	0.5859	0.1729	15.8182	5	4.0909	616.2567	1	7	8	0.186	863.4	2	5	0	4	0	0	46.9096068412431	6NA	POL	O_6551	3.17	FALSE	0
2IWZ	21	2.1663	0.0264	44	3.8809	0.5436	0.1271	35.8889	3	4.4444	519.329	-1	18.2	20	0.4545	482.9	4	3	0	0	0	0	31.4815560765347	6NA	APOL	C6_6563	3.19	FALSE	0
2IWZ	22	1.6195	0.0049	40	4.149	0.7362	0.2335	1.25	4	3.5	531.3838	0	3	4	0.1	358.7	1	2	0	0	2	2	45.5286144748553	6NA	POL	O_6551	3.32	FALSE	0
2IWZ	23	1.3855	0.0235	43	3.3898	0.429	0.2592	36	2	3.6	233.9113	-1	14.75	16	0.3721	547.7	9	0	0	0	0	0	41.877957579137	6NA	POL	C6_6563	3.38	FALSE	0
2IWZ	24	0.9691	0.0064	36	3.6287	0.5722	0.2425	9.1667	5	4	437.3051	1	6.25	8	0.2222	508.7	6	0	0	0	0	0	40.8235577577457	6NA	POL	C6_6555	3.59	FALSE	0
2IWZ	25	-1.9968	0.0127	53	3.8059	0.5194	0.1292	27.75	3	3.8333	777.1189	2	3.1429	7	0.1321	590.8	2	9	1	0	0	0	17.3691185153421	6NA	POL	C6_6563	3.21	FALSE	0
2IWZ	2	19.0856	0.0213	173	3.5046	0.4608	0.0802	10.7	8	3.8	639.8414	-4	31.2083	48	0.2775	765.7	13	2	14	0	0	0	23.9736539768138	6NA	POL	CB_6552	3.38	FALSE	0
2IWZ	3	14.0471	0.0072	108	3.9651	0.5266	0.224	1.2222	9	3.6667	726.9445	-1	10.6154	13	0.1204	1004.6	4	3	10	1	0	0	37.7879109107662	6NA	POL	O_6551	3.21	FALSE	0
2IWZ	4	13.5711	0.4804	56	3.4855	0.4591	0.1184	38.7692	6	4.5385	188.3786	2	49.4615	52	0.9286	98.9	2	4	1	1	1	4	40.9370618510904	6NA	POL	CB_6552	3.17	TRUE	0
2IWZ	5	13.0271	0.0107	133	4.0225	0.5452	0.1001	14.4	9	3.65	1141.2706	1	12.88	25	0.188	657	9	3	5	2	0	0	18.0602112113895	6NA	POL	O_6551	3.72	FALSE	0
2IWZ	6	11.9885	0.009	76	4.0052	0.5637	0.352	-1.3333	10	3.4	716.0645	-3	19.6364	22	0.2895	1018.4	0	11	1	0	0	3	11.5475028036368	6NA	POL	CB_6552	3.35	FALSE	0
2IWZ	7	11.0231	0.0149	58	4.503	0.5834	0.236	13.6667	13	4.1667	1094.2626	0	13.375	16	0.2759	815.7	6	4	1	4	1	1	20.7573324634935	6NA	APOL	CD_6562	4.06	FALSE	0
2IWZ	8	8.6468	0.0241	44	3.4394	0.4704	0.1797	26.6429	8	3.8571	289.8849	-1	23.4615	26	0.5909	303.1	5	8	0	0	0	0	40.9344826155162	6NA	APOL	CB_6552	3.39	FALSE	0
2IWZ	9	8.074	0.0134	47	4.0936	0.6475	0.1371	20.8462	9	4.0769	598.3896	-1	9.8182	11	0.234	532.2	6	1	4	2	0	0	43.874873458507	6NA	APOL	O_6551	3	FALSE	0
2IX4	0	45.7165	0.6515	264	3.7618	0.4843	0.4193	16.4444	22	3.6	1728.1326	-3	54.6714	140	0.5303	1184.7	14	9	4	11	2	4	55.3049630593855	6NA	APOL	O_6506	3.18	TRUE	1
2IX4	10	6.2099	0.0084	53	4.4258	0.6121	0.2304	12.0909	7	4.1818	788.7588	-3	11	12	0.2264	701.2	8	2	1	0	0	0	70.5968841097112	6NA	APOL	C6_6510	3.17	FALSE	0
2IX4	11	6.1945	0.0081	47	4.0034	0.5265	0.4493	2.0833	10	4.25	504.0464	4	10.1429	14	0.2979	795	7	1	0	2	0	2	67.6356630853871	6NA	APOL	O_6506	3.82	FALSE	0
2IX4	12	5.7478	0.0062	36	4.4963	0.6694	0.4044	1.6	7	3.7	537.1298	-2	7	8	0.2222	575	2	5	0	3	0	0	72.4945233310765	6NA	POL	C6_6510	3.04	FALSE	0
2IX4	13	5.4179	0.0091	50	4.096	0.5405	0.3483	16.8462	6	3.4615	506.1871	1	8	9	0.18	651.8	5	2	0	4	0	2	48.4864751966979	6NA	POL	O_6506	5.38	FALSE	0
2IX4	14	5.2128	0.0084	47	4.1553	0.5883	0.2858	12.5	6	4.2	627.322	-4	14.625	16	0.3404	602.3	8	1	1	0	0	0	32.5433198982525	6NA	POL	CB_6507	4.87	FALSE	0
2IX4	15	3.2026	0.0167	51	3.281	0.4053	0.2287	28	2	3.8333	154.4296	0	21.7778	27	0.5294	62.2	6	0	4	2	0	0	48.8941830793807	6NA	POL	O_6498	3.06	FALSE	0
2IX4	16	2.7998	0.0448	44	3.7996	0.5872	0.4236	42.2	6	5.1	447.234	1	14.1053	19	0.4318	591.7	6	3	0	0	0	1	59.9613701144328	6NA	POL	CA_6496	3.03	FALSE	0
2IX4	17	2.7029	0.01	42	3.5385	0.4678	0.2991	19.5714	5	4	257.9283	2	11.4286	14	0.3333	534.6	2	1	0	2	0	2	48.9099917194841	6NA	APOL	O_6506	3.88	FALSE	0
2IX4	18	1.9824	0.0215	69	3.6129	0.4692	0.3641	31.6429	3	3.3571	638.6622	0	21.2	30	0.4348	715.5	8	2	0	2	0	2	61.3641440663846	6NA	APOL	O_6506	3.03	FALSE	0
2IX4	19	1.1355	0.0095	47	3.5631	0.4848	0.2014	22	2	3.9	236.4891	0	11.2308	13	0.2766	486.8	5	1	2	2	0	0	41.0232459588463	6NA	POL	O_6498	3.23	FALSE	0
2IX4	1	43.9621	0.5557	246	3.6438	0.4618	0.388	15.4186	22	3.5349	1387.934	-3	50.9618	131	0.5325	918	10	9	4	11	2	6	40.3982495784161	6NA	POL	O_6506	3.01	TRUE	1
2IX4	20	1.0371	0.0154	39	4.3539	0.5447	0.5295	28.2222	3	4.1111	625.1005	-2	17	18	0.4615	653.2	5	2	0	2	0	0	73.264808810233	6NA	APOL	O_6506	3.17	FALSE	0
2IX4	21	0.8587	0.0215	51	3.7472	0.544	0.429	34.9	3	3.6	488.5893	0	11.4118	17	0.3333	513.9	4	2	0	3	0	1	49.9120422042617	6NA	POL	O_6506	3.23	FALSE	0
2IX4	22	0.5131	0.0037	40	4.0061	0.4757	0.3031	-19.4286	3	3.2857	370.821	-2	6.2222	9	0.225	567.3	7	0	0	0	0	0	31.7664370995552	6NA	POL	O_6498	3.78	FALSE	0
2IX4	23	0.4589	0.0101	47	3.358	0.3574	0.5056	22.625	3	2.875	282.9575	0	9.6923	13	0.2766	132.9	5	6	0	4	0	0	51.6945833332662	6NA	POL	O_6506	3.2	FALSE	0
2IX4	24	-0.0712	0.0072	46	3.5172	0.4965	0.1723	16	2	3.8889	269.7109	0	9.5	12	0.2609	468.9	5	1	1	2	0	0	57.0005716988874	6NA	APOL	O_6498	3.12	FALSE	0
2IX4	25	-0.5064	0.0077	48	3.6038	0.5233	0.2592	14.25	0	3.75	321.7476	0	20.7273	22	0.4583	545.7	6	2	0	0	0	0	47.3456581853078	6NA	POL	O_6498	3.04	FALSE	0
2IX4	26	-0.9061	0.0168	38	4.2521	0.6237	0.3097	32.1818	3	4.4545	697.0848	1	2	3	0.0789	429.8	1	5	2	1	1	1	47.6796000192955	6NA	POL	CA_6504	3.49	FALSE	0
2IX4	27	-1.4877	0.0167	37	4.1385	0.6241	0.2647	32.1818	3	4.4545	449.7689	1	1.3333	3	0.0811	417.7	1	5	2	1	1	1	68.761484778908	6NA	POL	O_6506	3.05	FALSE	0
2IX4	2	25.5658	0.0441	145	4.3334	0.4984	0.4588	9.4828	20	3.6552	1920.3173	3	25.2683	41	0.2828	1258	6	7	3	9	1	3	39.514266651426	6NA	POL	O_6506	3.19	FALSE	0
2IX4	3	9.4532	0.0094	36	3.4315	0.4307	0.4644	6.0714	11	3.6429	229.8446	4	5	6	0.1667	235.4	6	5	1	2	0	0	59.8497264571861	6NA	POL	O_6506	3.01	FALSE	0
2IX4	4	8.5277	0.0076	57	4.6645	0.5113	0.4729	6.5833	8	4	825.9699	1	10	11	0.193	762.3	3	3	2	1	1	2	66.8377655147148	6NA	POL	O_6506	3.18	FALSE	0
2IX4	5	8.3955	0.0103	63	3.7706	0.4875	0.3032	11.2727	5	3.3636	401.1516	1	24.3571	28	0.4444	635.1	6	3	0	1	0	1	64.9923955628657	6NA	APOL	O_6506	3.24	FALSE	0
2IX4	6	8.1731	0.0102	55	3.7273	0.4769	0.3231	11.7143	8	4.2143	577.7878	-1	18	19	0.3455	562.8	7	2	3	1	1	0	70.6856861960044	6NA	POL	O_6506	3.11	FALSE	0
2IX4	7	7.0325	0.0309	48	3.9773	0.5055	0.4437	35.6364	8	4.9091	648.4136	1	11.5385	13	0.2708	549.3	8	1	0	2	0	0	69.7004228035957	6NA	POL	O_6506	3	FALSE	0
2IX4	8	6.6068	0.0219	42	4.1482	0.5814	0.3665	29.3	8	4.9	544.4496	1	15.8095	21	0.5	466.2	6	0	0	4	0	0	31.457977334851	6NA	APOL	O_6506	5.77	FALSE	0
2IX4	9	6.2431	0.0241	38	3.4079	0.424	0.1942	32.3333	6	4	132.711	1	18	19	0.5	263	6	3	0	3	0	0	60.803114706403	6NA	APOL	O_6506	3.17	FALSE	0
2PFC	0	34.0794	0.899	123	3.7306	0.5097	0.0387	54.7619	5	4.3333	480.9279	3	77.7955	88	0.7154	414.2	7	1	11	1	0	1	0.230681598745978	PLM	APOL	C5_1280	4.08	TRUE	1
2PFC	1	21.8933	0.0453	89	4.1068	0.6289	0.3871	9.5385	8	3.8462	844.6857	1	28.4444	36	0.4045	842	0	3	10	0	0	0	11.8663960409216	PLM	APOL	C9_1284	3.01	FALSE	0
2PFC	2	12.6016	0.0277	43	3.7625	0.5478	0.8729	-2.5	8	3.3333	314.1557	-3	6.75	8	0.186	896.1	1	8	0	3	0	0	8.55505762692456	PLM	POL	O1_1275	3.21	FALSE	0
2PFC	3	6.3071	0.022	40	3.9124	0.5095	0.7508	27.4545	3	3.5455	482.1132	1	28	29	0.725	615.6	1	4	4	1	1	0	4.04207929165176	PLM	POL	O2_1276	5.67	FALSE	0
2QHS	0	49.6916	0.7636	207	3.7977	0.4864	0.1967	27.5128	24	4.3077	1408.4949	5	39.8667	75	0.3623	1429.6	1	12	21	3	1	1	32.5979317442073	OCA	POL	C8_1652	3.07	TRUE	1
2QHS	1	12.0973	0.235	42	3.8935	0.5358	0.1249	34.875	6	5.125	348.33	-2	32.7647	34	0.8095	510.1	3	2	3	0	0	0	49.846440213921	OCA	POL	C8_1652	3.09	FALSE	0
2QHS	2	11.427	0.0067	58	4.2486	0.6444	0.2581	-5.6364	9	3.9091	821.9569	3	12	13	0.2241	781.2	2	5	0	2	0	2	23.7469224532359	OCA	POL	C8_1652	3.12	FALSE	0
2QHS	3	8.2927	0.1353	63	4.0777	0.5616	0.4924	49	2	4.4	531.4379	-1	23.68	25	0.3968	495.3	4	2	2	2	0	0	40.1636881523597	OCA	APOL	C8_1652	3.07	FALSE	0
2QHS	4	5.8809	0.0074	47	4.9099	0.5471	0.4849	8.4167	6	3.9167	1103.4851	-1	12	13	0.2766	959.6	5	3	0	4	0	0	37.2424029836959	OCA	POL	C8_1652	4.84	FALSE	0
2QHS	5	5.3608	0.0099	45	3.2391	0.391	0.2996	16.25	5	4.375	224.216	0	14.1739	23	0.5111	476.9	5	0	2	1	0	0	48.6797710142519	OCA	APOL	C8_1652	3.01	FALSE	0
2QHS	6	4.0278	0.0053	40	3.9734	0.6324	0.2875	3.1429	3	3.5714	359.8361	-1	10	11	0.275	446.2	7	0	0	0	0	0	19.595836241406	OCA	POL	C8_1652	3.15	FALSE	0
3A7A	0	49.1271	0.4295	222	3.7232	0.4902	0.1224	21.0286	25	4.2571	982.3289	2	46.2708	96	0.4324	842.9	2	9	20	4	0	0	0.223385317333078	OCT	POL	C3_3624	3.77	TRUE	1
3A7A	10	7.9067	0.0046	53	4.506	0.599	0.2736	-14.75	7	3.1667	786.2186	-1	7	8	0.1509	568	3	0	5	4	0	0	15.1947712388176	OCT	APOL	C8_3629	3.27	FALSE	0
3A7A	11	7.7828	0.0073	58	3.6876	0.4917	0.1363	9.9167	7	4.1667	374.0904	-1	8.8	10	0.1724	465.3	5	1	4	2	0	0	10.3724403107465	OCT	POL	C8_3629	3.07	FALSE	0
3A7A	12	6.6153	0.0129	48	4.5494	0.5965	0.3544	25.5385	6	4.4615	607.1561	0	5	6	0.125	574.4	1	2	7	3	0	0	18.4199652822691	OCT	POL	C6_3627	4.64	FALSE	0
3A7A	13	6.2818	0.004	51	3.9033	0.5305	0.2196	-31.75	6	3.875	610.0487	0	10.1429	14	0.2745	633.2	6	0	1	1	0	0	14.9648110913569	OCT	POL	C8_3629	3.08	FALSE	0
3A7A	14	6.2068	0.005	56	3.9478	0.62	0.0762	-7	7	3.6667	723.1619	-2	6	7	0.125	672.6	0	1	8	0	0	0	32.4540674954619	OCT	POL	C1_3622	3.05	FALSE	0
3A7A	15	6.1956	0.0124	40	4.4223	0.6865	0.0735	23.9	7	4.1	630.6837	2	3.6	5	0.125	610	2	3	5	0	0	0	22.9742440354411	OCT	POL	C1_3622	3.18	FALSE	0
3A7A	16	6.1051	0.0066	38	3.9947	0.6339	0.0538	7.6364	7	3.3636	573.6159	-1	3	4	0.1053	573.5	0	2	9	0	0	0	23.2494781661869	OCT	POL	C2_3623	3.96	FALSE	0
3A7A	17	5.4855	0.0615	50	3.7249	0.5091	0.3246	47.3636	6	4.4545	367.7968	1	12.6667	15	0.3	407.1	1	3	4	0	0	3	15.7070112051911	OCT	POL	C2_3623	3.45	FALSE	0
3A7A	18	4.8215	0.0059	39	4.1274	0.5918	0.0761	5.9	6	3.7	556.781	-1	2	3	0.0769	442.9	2	1	2	5	0	0	12.9472614478893	OCT	POL	C8_3629	3.09	FALSE	0
3A7A	19	3.0688	0.0093	42	3.8581	0.5454	0.0938	18.7778	5	4.2222	574.6181	-1	12.1429	14	0.3333	564.1	3	0	2	4	0	0	19.371343396884	OCT	POL	C2_3623	3.19	FALSE	0
3A7A	1	32.8876	0.0371	180	3.9034	0.4868	0.452	9.037	19	3.4444	1263.9467	-1	29.8983	59	0.3278	1339.4	6	3	8	10	0	0	11.4148039404976	OCT	APOL	C3_3624	3.1	FALSE	0
3A7A	20	2.6786	0.0073	38	3.9377	0.552	0.1683	13	6	4.3333	449.53	-2	1.6	5	0.1316	805.1	1	2	2	3	1	0	14.3160637746554	OCT	APOL	C1_3622	3.42	FALSE	0
3A7A	21	2.1617	0.0128	42	3.4147	0.4272	0.2248	26.3	4	3.9	162.2879	-1	11.1111	18	0.4286	189	0	2	5	3	0	0	10.3262609883733	OCT	APOL	C2_3623	3.08	FALSE	0
3A7A	22	0.1163	0.0035	36	4.9176	0.5796	0.0817	-15.8	2	3.2	691.9313	1	4	5	0.1389	527.5	1	4	0	0	0	0	12.0044280163613	OCT	POL	C1_3622	3.2	FALSE	0
3A7A	2	27.5817	0.2467	157	3.9415	0.5471	0.0798	28.12	13	4.28	1241.5402	1	46.4776	67	0.4268	975.5	12	5	3	4	0	1	12.8663570990393	OCT	POL	C8_3629	3.24	FALSE	0
3A7A	3	21.6499	0.0583	111	3.6152	0.4883	0.0564	32.3182	15	4.4091	637.6538	1	26.303	33	0.2973	811.1	2	8	10	0	1	1	3.57416325872224	OCT	APOL	C1_3622	3.04	FALSE	0
3A7A	4	15.9454	0.0389	90	4.0762	0.518	0.298	36.1176	10	4.3529	742.3228	0	19.4167	24	0.2667	881.2	0	5	5	6	0	1	18.2974244635686	OCT	POL	C2_3623	3.16	FALSE	0
3A7A	5	14.0002	0.8223	80	3.3531	0.4238	0.2055	56.4615	5	5.0769	276.5938	1	56.2985	67	0.8375	350.5	8	0	0	4	0	1	38.3022275461885	OCT	APOL	C2_3623	3.01	FALSE	0
3A7A	6	13.8712	0.0188	77	3.3856	0.4552	0.2264	18.5625	7	3.375	278.7756	-2	29.5625	32	0.4156	499.6	7	1	6	2	0	0	12.1099068947701	OCT	POL	C7_3628	3.12	FALSE	0
3A7A	7	12.0361	0.0114	49	3.4181	0.4532	0.213	15.3333	10	3.6667	191.9577	1	15	16	0.3265	496.9	3	0	9	3	0	0	7.56258877633843	OCT	POL	C3_3624	3.09	FALSE	0
3A7A	8	9.2211	0.0175	47	4.2989	0.6249	0.1766	1.1667	7	3.3333	604.9277	-3	34.9474	38	0.8085	650.7	6	2	4	0	0	0	14.8978059122812	OCT	APOL	C8_3629	3	FALSE	0
3A7A	9	8.9037	0.014	59	3.8416	0.5258	0.2844	19.6923	6	3.3846	553.2772	0	24.4444	27	0.4576	766.5	2	3	5	3	0	0	15.291573660026	OCT	APOL	C8_3629	3.03	FALSE	0
3NYI	0	45.3474	0.7255	282	3.5762	0.4618	0.0734	23.9149	24	3.4681	1125.5128	2	60.4203	138	0.4894	1323.2	8	9	17	10	0	3	0.21189856063692	STE	POL	C13_2306	3.92	TRUE	1
3NYI	10	-1.5478	0.0102	56	4.0704	0.6008	0.1752	19.5333	6	3.5333	809.342	2	12.3333	24	0.4286	851.3	5	1	6	1	0	2	12.6682554836884	STE	APOL	C18_2311	3.05	FALSE	0
3NYI	1	13.5006	0.0302	78	4.0404	0.5265	0.2016	18.1333	9	3.8667	646.6622	2	36.2857	42	0.5385	588.9	3	5	2	3	0	2	11.0285947427585	STE	POL	C4_2297	3.17	FALSE	0
3NYI	2	10.2401	0.0806	73	3.5906	0.5197	0.1946	41.7857	5	4.4286	231.8629	1	34.1053	38	0.5205	390.7	5	1	0	6	0	2	9.75378295842183	STE	POL	C6_2299	3.06	FALSE	0
3NYI	3	8.479	0.0224	59	4.2331	0.6115	0.2696	10.8	6	4	587.0253	0	38	40	0.678	476.3	3	3	2	2	0	0	10.6176680113855	STE	POL	C16_2309	3.02	FALSE	0
3NYI	4	7.5534	0.0148	40	4.3025	0.5366	0.354	22.4167	10	4.1667	677.2586	3	8.2	10	0.25	828	0	2	1	7	0	2	14.0223282303617	STE	POL	C10_2303	3.29	FALSE	0
3NYI	5	6.3881	0.0226	56	3.7314	0.49	0.3065	31.5	7	4	534.3771	0	17.8947	19	0.3393	616.3	1	3	0	7	0	1	10.2125927657966	STE	POL	C15_2308	3.21	FALSE	0
3NYI	6	5.6524	0.0152	41	4.0357	0.5184	0.2202	25.6364	8	4.1818	639.4396	3	9	10	0.2439	598.5	1	5	3	0	0	2	13.8087861885106	STE	APOL	C18_2311	3.06	FALSE	0
3NYI	7	4.1538	0.0103	53	4.1813	0.5613	0.2194	16.4444	5	3.3333	660.7719	2	22.6667	24	0.4528	690.5	0	0	6	2	0	1	9.4168097039284	STE	POL	C11_2304	3.08	FALSE	0
3NYI	8	3.9678	0.2359	57	3.4977	0.4417	0.1763	57.2308	2	4.0769	199.6171	1	36.3415	41	0.7193	411.4	3	1	1	3	0	5	17.5749827595933	STE	APOL	C12_2305	3.01	FALSE	0
3NYI	9	3.8648	0.0345	36	3.5613	0.4284	0.1926	38.7	6	4.8	284.0718	1	17.3684	19	0.5278	467.3	6	2	2	0	0	0	8.38559127313035	STE	APOL	C18_2311	3.29	FALSE	0
3OCJ	0	47.5409	0.8033	283	3.6438	0.4711	0.1399	31.5	26	4.0625	1451.7742	-1	63.8684	152	0.5371	934.9	23	15	3	4	0	2	0.126118991432696	PLM	APOL	C5_2440	4.16	TRUE	1
3OCJ	1	18.7455	0.4614	104	3.6369	0.5288	0.2425	35.2222	9	3.8333	415.0604	0	60.8649	74	0.7115	489.9	3	4	6	3	0	2	12.8693069743479	PLM	POL	O1_2435	3.43	FALSE	0
3OCJ	2	11.7739	0.8312	112	3.9399	0.5337	0.1366	57.4211	5	4.6316	925.3705	1	64.0471	85	0.7589	805.3	7	7	0	5	0	0	5.41924671887154	PLM	POL	C5_2440	4.29	FALSE	0
3OCJ	3	10.361	0.015	100	4.3539	0.5839	0.2373	8.5294	9	3.4118	1397.0035	-2	34.08	50	0.5	1140.9	12	3	0	2	0	0	10.2068408432776	PLM	APOL	CF_2450	3.05	FALSE	0
3OCJ	4	4.6607	0.0068	60	3.7021	0.4858	0.256	6.7692	7	4.2308	569.7748	1	13.7333	15	0.25	675.4	2	0	9	1	0	0	22.2150155075345	PLM	APOL	O1_2435	3.01	FALSE	0
3OCJ	5	3.1954	0.0045	75	3.5877	0.4712	0.2166	-17.1667	4	2.75	508.7279	-3	21.2593	27	0.36	770.6	5	0	7	0	0	0	18.0497348456979	PLM	POL	O1_2435	3.46	FALSE	0
3OCJ	6	2.6733	0.0071	40	3.4706	0.434	0.1403	12.6154	4	3.0769	176.9282	-1	15	16	0.4	556.9	6	2	0	5	0	0	9.01413345807571	PLM	POL	C6_2441	3.16	FALSE	0
3OCJ	7	1.4878	0.0474	55	3.6611	0.4735	0.2133	46.4615	3	4.3077	361.6674	0	8	9	0.1636	547.7	10	3	0	0	0	0	11.6303372264092	PLM	POL	CF_2450	3.25	FALSE	0
3OCJ	8	1.3077	0.1323	43	3.9688	0.5851	0.4084	60.75	2	4.875	444.522	0	15	16	0.3721	441	5	0	0	1	2	0	14.1279215739613	PLM	POL	CC_2447	3.26	FALSE	0
3OCJ	9	0.8318	0.0103	41	3.9183	0.6278	0.0735	20.75	3	3.5	581.2357	-1	20.4545	22	0.5366	326.1	6	1	0	0	0	0	16.6673265402703	PLM	APOL	C2_2437	3.03	FALSE	0
3PL5	0	34.0155	0.8871	224	3.5261	0.4501	0.1598	44.8462	14	3.7949	997.2574	-1	62.5124	121	0.5402	760.8	10	10	12	4	0	3	0.190965965554073	PLM	APOL	C4_2148	3.78	TRUE	1
3PL5	1	27.9684	0.1651	185	4.0158	0.4922	0.2029	38.4333	16	4.3	1646.8284	-1	18.6275	51	0.2757	1081.6	7	9	7	3	0	3	6.3452931374366	PLM	APOL	C4_2148	3.04	FALSE	0
3PL5	2	6.0381	0.0561	48	4.3709	0.6369	0.322	44.0909	6	5	535.3611	1	9	10	0.2083	511.1	8	0	3	0	0	0	17.904509767095	PLM	APOL	CE_2158	3.31	FALSE	0
3PL5	3	5.8575	0.1255	36	3.2011	0.3871	0.2443	51	6	4.2308	147.8385	0	26.5517	29	0.8056	71	6	0	7	0	0	0	9.85013807009831	PLM	APOL	CE_2158	3.06	FALSE	0
3PL5	4	5.3129	0.0058	36	3.4823	0.4201	0.1358	-5.6667	6	3.5556	298.3731	-2	3	4	0.1111	335	5	2	2	0	0	0	4.44825235345298	PLM	POL	O1_2144	3.5	FALSE	0
3PL5	5	5.0475	0.0197	57	3.9648	0.5925	0.6586	30.7	4	3.7	623.8322	-2	16.8889	18	0.3158	732.1	2	4	0	4	0	0	27.2197802526031	PLM	POL	O2_2145	3.34	FALSE	0
3PL5	6	4.8654	0.0067	43	3.8668	0.5385	0.4473	-7.5	7	3.25	633.4746	-1	12.1429	14	0.3256	529.3	4	3	1	0	0	0	24.5100812320155	PLM	APOL	O2_2145	3.01	FALSE	0
3PL5	7	1.8402	0.0426	36	3.9903	0.6523	0.6228	43.125	4	4.375	561.9915	3	6	7	0.1944	547.7	7	0	0	1	0	0	16.2652777105096	PLM	APOL	CG_2160	3.3	FALSE	0
3QLM	0	36.8155	0.684	159	4.0153	0.5127	0.3314	19.8519	12	4.1852	1496.3729	4	34.5797	69	0.434	1306.2	17	5	0	2	1	2	0.31966388598026	PLM	APOL	CC_988	3.82	TRUE	1
3QLM	1	17.8088	0.1065	70	3.5183	0.5172	0.2468	-9	9	4.5833	425.9484	4	26.8372	43	0.6143	693.7	11	1	0	0	0	0	7.96431271359933	PLM	POL	CG_992	3.05	FALSE	0
3TZY	0	31.0278	0.1364	189	3.8232	0.4925	0.3528	30.8056	19	4.25	1745.4307	1	27.3134	67	0.3545	1117.6	4	5	6	7	0	0	57.9856728770133	PLM	POL	C1_3549	3.01	FALSE	0
3TZY	10	5.2408	0.1297	45	4.0902	0.5074	0.4314	54.8125	8	4.6875	711.8055	0	7.1111	9	0.2	507.8	0	3	6	0	1	0	48.8564675861856	PLM	APOL	C1_3549	3.4	FALSE	0
3TZY	11	4.5295	0.0059	40	3.9353	0.5718	0.1661	0.3333	6	3.1111	498.5373	-1	4	5	0.125	398.7	5	1	0	1	0	0	56.8990090423375	PLM	POL	C1_3549	3.17	FALSE	0
3TZY	12	4.2228	0.0066	44	3.5185	0.5665	0.2202	0	6	3.5	263.4351	-1	17.1667	24	0.5455	519.4	6	1	0	3	0	0	57.0230264454632	PLM	POL	C1_3549	3.1	FALSE	0
3TZY	13	3.4665	0.0048	40	3.9289	0.575	0.2481	-1.5	3	2.8	361.3293	0	10	11	0.275	125.5	2	1	0	0	0	0	49.5811161431447	PLM	APOL	C5_3554	3.09	FALSE	0
3TZY	14	2.6578	0.0089	42	3.7186	0.525	0.1607	18.5	4	3.7	558.3945	0	7	8	0.1905	615.3	9	1	0	0	0	0	63.7303957150746	PLM	POL	C5_3554	3.06	FALSE	0
3TZY	1	27.7856	0.4546	122	3.95	0.5118	0.2811	17.5417	13	3.625	1411.877	-4	59.5506	89	0.7295	1248.1	9	3	3	4	0	5	73.1657738973627	PLM	APOL	C1_3549	3.1	TRUE	1
3TZY	2	26.2348	0.0472	142	4.1727	0.6101	0.2488	22.4444	14	3.5185	1690.4302	-2	28.0408	49	0.3451	945.8	11	7	3	4	0	2	69.1025975271552	PLM	APOL	C1_3549	3.09	TRUE	1
3TZY	3	18.682	0.0333	85	3.3634	0.4299	0.1196	25.0556	11	3.9444	263.1283	-2	25.7576	33	0.3882	261.6	10	2	0	3	1	2	60.40031494951	PLM	APOL	C1_3549	3.08	FALSE	0
3TZY	4	14.5691	0.021	101	3.9317	0.5218	0.2891	18.5882	9	4	1033.5844	1	27.3488	43	0.4257	823	5	3	0	3	0	0	70.5548992133076	PLM	POL	C1_3549	3.46	FALSE	0
3TZY	5	11.2221	0.0881	88	3.6453	0.4806	0.3278	44.9545	6	3.7727	634.7025	-2	29.1053	38	0.4318	398.8	3	1	4	2	0	0	54.0539626206997	PLM	APOL	C1_3549	3.01	FALSE	0
3TZY	6	10.6314	0.0289	53	3.8252	0.5256	0.1108	31.7143	9	4.2143	444.2486	0	12	13	0.2453	404.4	0	7	1	2	0	0	40.1769284166921	PLM	POL	C1_3549	5.14	FALSE	0
3TZY	7	8.5422	0.0258	66	3.8711	0.4751	0.4105	32.1333	5	3.8	712.1516	-1	22.96	25	0.3788	506.5	4	3	4	0	0	0	42.6485607025606	PLM	POL	C3_3552	5.11	FALSE	0
3TZY	8	8.4374	0.0268	43	4.6249	0.5922	0.1671	31.3846	9	4.9231	789.129	-2	5	6	0.1395	479	6	1	0	0	0	0	57.2036974853899	PLM	POL	C3_3552	3.04	FALSE	0
3TZY	9	7.0185	0.0355	36	4.4934	0.5992	0.2382	35.8333	9	4.5833	542.1187	0	1	2	0.0556	523	0	8	1	0	0	0	44.3117312006651	PLM	POL	C1_3549	3.95	FALSE	0
3U9Q	0	37.3505	0.7704	310	3.7405	0.4464	0.3524	28.15	16	3.625	1660.4929	-1	56.3803	142	0.4581	1602.8	25	1	5	6	0	3	4.34303833738548	DKA	APOL	C8_2134	3.61	FALSE	0
3U9Q	1	17.9022	0.7106	183	3.8371	0.4766	0.5117	46.4583	9	4.2083	1651.4076	1	51.4128	109	0.5956	1579.3	14	4	0	6	0	0	5.9740756607194	DKA	APOL	O1_2127	3.09	FALSE	0
3U9Q	2	8.5405	0.3959	87	3.7768	0.4935	0.2927	50.0526	4	3.8947	421.7357	-1	43.2593	54	0.6207	420	16	2	0	0	0	1	0.144931018074117	DKA	POL	C1_2126	3.75	TRUE	1
3U9Q	3	6.1308	0.0104	76	3.9583	0.5629	0.2335	15	5	3.5	546.0828	0	18	21	0.2763	569.2	10	0	0	0	0	0	13.3865374163747	DKA	POL	O1_2127	3.03	FALSE	0
3U9Q	4	3.4416	0.0203	58	3.9668	0.4732	0.1824	27.1333	7	4.2	448.9817	-2	10.8421	19	0.3276	547.2	12	0	0	3	0	0	5.17639005485483	DKA	POL	O1_2127	3.21	FALSE	0
3U9Q	5	2.0236	0.0133	40	3.8003	0.6109	0.1886	25	4	4.625	369.5218	3	11	12	0.3	329.8	5	0	2	1	0	0	13.9131321060356	DKA	APOL	C8_2134	3.12	FALSE	0
3U9Q	6	-0.1594	0.0047	39	4.2158	0.6231	0.3492	-16.6667	5	3.3333	927.6102	1	4.2857	7	0.1795	557.4	3	0	1	2	0	0	12.1940584712392	DKA	APOL	C9_2135	3.03	FALSE	0
3U9Q	7	-0.483	0.017	46	4.3007	0.6374	0.6821	29.4286	4	3.8571	885.1136	2	10	11	0.2391	563.4	0	5	1	1	0	0	19.9065236794373	DKA	APOL	C8_2134	3.16	FALSE	0
3V2N	0	26.9115	0.0452	96	3.3987	0.4406	0.0642	8.5	3	4.25	407.8282	0	44.6667	57	0.5938	308.2	19	0	0	0	0	0	2.71257110505882	MYR	APOL	C14_1831	4.53	FALSE	0
3V2N	1	25.8248	0.5278	67	4.3814	0.5683	0.4013	24.6	4	5.4	430.1765	2	65.194	67	1	657.1	6	13	0	2	0	0	19.9459718740401	MYR	APOL	O1_1817	5.04	FALSE	0
3V2N	2	17.0768	0.083	62	3.7184	0.4597	0.0817	30.4	2	3.8	298.2713	0	44.2917	48	0.7742	190.1	19	0	0	0	0	0	3.89342278721436	MYR	POL	O1_1817	3.51	FALSE	0
3V2N	3	9.6092	0.5054	37	4.4103	0.5447	0.0928	98.6667	1	6.3333	265.6972	0	27	28	0.7568	126	15	0	0	0	0	0	0.298941465842395	MYR	APOL	C3_1820	4.7	TRUE	1
3V2N	4	8.7166	0.1876	47	4.5992	0.6147	0.4357	61.2	1	4	733.4277	0	27.931	29	0.617	987.5	11	4	0	2	0	0	14.2897294935908	MYR	APOL	C14_1831	3.91	FALSE	0
3V2N	5	7.6863	0.007	41	3.6024	0.4727	0.295	-12	3	3.7143	523.9368	-1	8	9	0.2195	448.2	7	0	0	0	0	0	8.84323000944791	MYR	POL	C11_1828	3.28	FALSE	0
4A2N	0	37.8015	0.8466	127	3.7543	0.5009	0.2665	39.4091	9	4.2727	598.9906	-2	48.6761	71	0.5591	516.2	9	4	1	8	0	0	114.269116225689	PLM	APOL	C9_1590	3.2	FALSE	0
4A2N	1	15.8678	0.0441	55	3.4884	0.4635	0.3909	15.6667	10	4	258.9006	2	3.1429	7	0.1273	508.5	9	1	0	2	2	1	94.4031264418716	PLM	POL	C9_1590	3.93	FALSE	0
4A2N	2	12.3182	0.4183	40	3.7255	0.4718	0.308	51.4444	4	4.8889	255.864	1	35.6757	37	0.925	354.7	9	0	0	0	0	0	110.233024924475	PLM	APOL	C9_1590	3.06	TRUE	1
4A2N	3	10.1664	0.4497	38	3.8491	0.5924	0.3436	60	3	5.7143	342.2158	2	33.2571	35	0.9211	486.9	5	2	0	0	0	0	91.5406688963982	PLM	POL	C9_1590	3.16	FALSE	0
4A2N	4	8.9268	0.0194	36	3.2192	0.3213	0.4226	10	6	3.9	189.6344	-1	21.6154	26	0.7222	539.8	5	0	2	3	0	0	121.875514628657	PLM	APOL	CA_1591	3.04	FALSE	0
4C6H	0	36.4574	0.8192	173	3.5412	0.4364	0.0891	42.1667	12	4.4	1027.1174	-1	66.6491	114	0.659	543.7	5	5	2	13	1	2	47.9462984598394	A1295	POL	OABBHE2_2425	3.34	TRUE	1
4C6H	1	25.175	0.0575	126	4.1765	0.5434	0.2806	20.6364	16	4.4545	1659.3245	-4	14.087	23	0.1825	1192.7	7	6	0	6	1	2	44.1397377880748	A1295	POL	OABBHE2_2425	3.15	FALSE	0
4C6H	2	6.2642	0.0282	50	3.935	0.5431	0.1908	26.3333	4	3.1667	453.8057	0	36.0976	41	0.82	545.1	0	1	4	2	0	5	33.1171436872204	A1295	APOL	OABBHE2_2425	4.22	FALSE	0
4C6H	3	4.953	0.0121	43	3.6291	0.4987	0.0502	21.3333	3	4	374.2862	-1	24	25	0.5814	492.4	3	3	0	3	0	0	51.0242408762737	A1295	POL	OABBHE2_2425	3.02	FALSE	0
4C6H	4	1.64	0.0044	36	3.7362	0.5921	0.2443	-13.125	4	3.375	440.2334	-1	2.8	5	0.1389	539.8	3	1	0	0	0	4	47.4369625292345	A1295	POL	OABBHE2_2425	3.41	FALSE	0
4HYJ	0	41.4256	0.7757	167	3.6445	0.4895	0.0652	28.6522	13	4.3478	545.2615	2	92.8403	119	0.7126	322.3	22	0	0	0	0	1	1.2294458101112	RET	POL	C14_1814	3.2	FALSE	0
4HYJ	1	18.2008	0.031	104	4.4042	0.5585	0.3448	24.7059	9	3.8235	899.0018	1	16.5833	24	0.2308	734.1	9	8	0	0	0	0	7.60357468563307	LFA	POL	C4_1903	3.09	FALSE	0
4HYJ	2	7.09	0.0272	60	3.7448	0.5114	0.178	29.7273	4	3.6364	589.5084	0	41.6735	49	0.8167	508.9	10	0	0	0	0	1	0.23160526764303	LFA	APOL	C2_1901	4.13	TRUE	1
4HYJ	3	5.2851	0.1385	38	3.2834	0.4186	0.2202	57.375	4	5	111.4157	1	23	24	0.6316	322.9	7	1	0	0	0	0	6.27554722713486	LFA	POL	C10_1927	3.61	FALSE	0
4HYJ	4	4.8725	0.0069	36	3.4382	0.4184	0.2846	2.8	5	4.1	184.6081	-2	4	5	0.1389	217.3	10	0	0	0	0	0	9.16620101241512	LFA	POL	C9_1866	3.23	FALSE	0
4HYJ	5	4.6623	0.0488	44	3.8707	0.5774	0.0585	41.8571	2	3.7143	392.5939	-1	39.9024	41	0.9318	414	7	0	0	0	0	0	6.05989752388603	LFA	APOL	C14_1871	3.17	FALSE	0
4HYJ	6	4.4945	0.0128	57	4.1061	0.579	0.2077	17.75	5	3.1667	817.0123	-1	28.5946	37	0.6491	682.7	10	2	0	0	0	0	0.120875969489393	LFA	POL	C8_1865	4.23	TRUE	1
4HYJ	7	3.1341	0.1459	39	3.9874	0.6481	0.1606	58.7143	3	4.1429	368.8452	0	29.375	32	0.8205	356.2	7	0	0	0	0	0	2.31274598691685	LFA	APOL	C12_1851	3.66	FALSE	0
4HYJ	8	1.3551	0.0176	38	4.1133	0.6251	0.1659	30.7143	1	2.4286	459.0382	1	31.8182	33	0.8684	490.1	7	0	0	0	0	0	0.0136014705087364	LFA	APOL	C10_1881	4.22	TRUE	1
4MND	0	39.6957	0.2119	191	3.8193	0.4544	0.2669	16.4815	17	3.9259	1410.251	1	36.6944	72	0.377	1750.5	16	9	0	2	0	0	10.450184448133	LFA	APOL	C12_3135	3.08	FALSE	0
4MND	10	9.3347	0.0199	49	3.8257	0.5106	0.6147	21.8571	9	4	466.5627	1	14.7273	22	0.449	476.1	4	2	5	3	0	0	31.3093842481771	LFA	APOL	C8_3143	3.05	FALSE	0
4MND	11	9.0188	0.01	36	3.2917	0.4333	0.0388	9.8182	8	3.5455	122.9341	0	7	8	0.2222	217.1	11	0	0	0	0	0	10.4080135472625	LFA	POL	C2_3115	3.1	FALSE	0
4MND	12	8.7225	0.0102	73	4.0429	0.5356	0.1391	2.8889	4	3.5556	871.9689	1	26.4375	32	0.4384	640	9	0	0	0	0	0	1.98405871888914	LFA	POL	C8_3143	5.71	FALSE	0
4MND	13	7.9206	0.0459	48	3.7455	0.4522	0.3762	33.0714	11	5	636.2673	2	10.3529	17	0.3542	801.8	3	5	1	4	0	1	11.0417367293375	LFA	POL	C10_3123	5.59	FALSE	0
4MND	14	7.1211	0.0539	39	3.2979	0.3816	0.2703	28.7692	4	3.0769	160.576	1	33.3714	35	0.8974	202.8	12	0	0	0	0	1	11.7222575470769	LFA	APOL	C1_3144	3.1	FALSE	0
4MND	15	6.6786	0.2456	37	3.8655	0.6115	0.5743	55.25	3	5.5	365.9776	0	32	33	0.8919	359.6	3	1	0	0	0	0	6.70726978732778	LFA	POL	C3_3146	3.02	FALSE	0
4MND	16	6.3412	0.0069	37	3.9011	0.4432	0.4802	-6.1	8	3.7	487.8899	-2	1.3333	3	0.0811	662.9	3	2	2	3	0	0	17.9771131720307	LFA	POL	C8_3143	4.25	FALSE	0
4MND	17	4.2344	0.3607	43	4.3573	0.7123	0.2556	61	2	3.875	730.5118	0	33.6571	35	0.814	481.3	8	0	0	0	0	0	0.452554969036922	LFA	APOL	C8_3131	4.67	TRUE	1
4MND	18	3.9144	0.1175	63	3.9639	0.5247	0.19	58.3125	2	4.0625	770.8652	0	12	16	0.254	670.7	9	6	1	0	0	0	17.0307799880099	LFA	APOL	C8_3143	3.02	FALSE	0
4MND	19	1.1065	0.0335	36	4.0671	0.5739	0.5449	41.4286	2	4.4286	470.8931	-1	10	11	0.3056	518.7	0	1	2	2	0	2	35.7076009975467	LFA	APOL	C8_3143	3.04	FALSE	0
4MND	1	15.9075	0.0129	59	3.9681	0.5414	0.1246	5.6154	9	3.6923	373.4078	2	20	21	0.3559	574.5	10	3	0	0	0	0	13.2803188967735	LFA	POL	C3_3116	3.38	FALSE	0
4MND	2	15.8576	0.0106	71	3.7184	0.5475	0.1884	-17.6	12	3.1333	494.1873	2	4	5	0.0704	406.9	11	4	0	0	0	0	11.7973111343221	LFA	POL	C1_3136	3.26	FALSE	0
4MND	3	15.383	0.0329	91	3.4831	0.4821	0.3885	31.1579	7	3.7368	450.6904	2	21.68	25	0.2747	733.5	3	4	4	6	0	2	24.6372461326342	LFA	POL	C10_3123	3.07	FALSE	0
4MND	4	15.3681	0.0859	95	4.3295	0.5815	0.404	10.5	5	3.4286	1128.3777	1	42.36	50	0.5263	908.3	7	4	0	3	0	0	14.2671027542385	LFA	POL	C12_3135	3.04	FALSE	0
4MND	5	15.0454	0.7533	59	4.035	0.5931	0.1168	51.8182	6	4.5455	593.8001	0	48.8627	51	0.8644	779.6	11	0	0	0	0	0	11.1371419583303	LFA	APOL	C12_3135	3.31	FALSE	0
4MND	6	13.2944	0.3369	74	3.8479	0.5477	0.0827	26.875	3	3.5	533.8177	0	51.6429	56	0.7568	357.3	8	0	0	0	0	0	8.80552922884252	LFA	APOL	C9_3132	5.61	FALSE	0
4MND	7	13.1266	0.0205	50	3.8158	0.4522	0.39	15.2143	12	4.5	420.6396	0	7	12	0.24	513.5	1	1	7	5	0	0	24.3801536295406	LFA	APOL	C8_3143	3.39	FALSE	0
4MND	8	9.6303	0.0217	45	3.7	0.4603	0.5813	17.5	6	3.9167	374.7853	-1	28.0667	30	0.6667	500.6	2	3	5	1	1	0	40.8460078465448	LFA	POL	C8_3143	3.15	FALSE	0
4MND	9	9.3374	0.0121	55	4.4826	0.5468	0.1506	5.8889	6	3.1111	1010.1046	1	25.2593	27	0.4909	786.9	8	1	0	0	0	0	18.037330013059	LFA	APOL	C12_3135	3.73	FALSE	0
4Q95	0	35.6205	0.9064	85	3.5675	0.504	0.108	47.4667	7	4.8	333.0982	0	56.2188	64	0.7529	457.2	2	0	13	0	0	0	0.306758862952646	SHV	APOL	C6_2176	4.31	TRUE	1
4Q95	1	35.0072	0.832	84	3.5749	0.4548	0.1751	40.8824	7	4.2353	356.8631	0	54.5079	63	0.75	592.2	2	0	15	0	0	0	0.225579254365289	SHV	POL	C5_2183	3.92	TRUE	1
4Q95	2	30.4767	0.0587	90	3.8266	0.4695	0.2933	18.8824	7	3.7647	722.1906	-2	26.8667	30	0.3333	1231.7	3	0	9	5	0	0	5.35697638598492	SHV	POL	C5_2183	3.35	FALSE	0
4Q95	3	23.316	0.5498	63	4.5668	0.5749	0.2095	45.4615	7	5	962.1293	-2	40.186	43	0.6825	489.7	5	0	8	0	0	0	8.08902596114019	SHV	POL	C1_2178	3.42	FALSE	0
4Q95	4	21.1806	0.0194	65	3.4101	0.3929	0.282	-14.5556	7	4	382.4115	-3	16.4762	21	0.3231	580.2	4	4	0	1	0	0	9.00477856473995	SHV	POL	O2_2179	3	FALSE	0
4Q95	5	16.7451	0.0238	57	3.7664	0.5142	0.328	-1.5833	7	3.3333	622.5443	-1	18.3077	26	0.4561	709.9	3	2	4	3	0	0	11.0701735307085	SHV	POL	C3_2173	3.32	FALSE	0
4Q95	6	13.9012	0.0308	39	3.276	0.4243	0.2142	0.2727	8	3.7273	185.3622	0	12	13	0.3333	496.3	4	0	5	2	0	0	7.43954911268149	SHV	POL	C3_2173	3.16	FALSE	0
4Q95	7	13.1872	0.0463	40	3.7827	0.5612	0.5286	29.375	6	4.5	294.4169	1	9.6923	13	0.325	658	0	4	0	4	0	0	14.0444170402335	SHV	POL	C7_2177	3.4	FALSE	0
4Q95	8	3.1864	0.0281	38	4.3208	0.6051	0.4668	38.125	1	4.375	973.2053	1	15.2222	18	0.4737	931.6	0	0	4	4	0	0	6.50084802160456	SHV	APOL	C7_2185	3.07	FALSE	0
4RPM	0	40.6562	0.7334	153	3.7338	0.4638	0.0682	24.6571	17	3.6	982.6707	-1	57.8349	109	0.7124	615	13	11	9	2	0	0	0.255391855782441	6NA	APOL	CB_3059	3.79	TRUE	1
4RPM	10	9.9204	0.0077	51	4.0083	0.5952	0.2818	10.4167	5	3.6667	328.369	-1	12	13	0.2549	624.5	9	1	0	2	0	0	20.9446014285305	6NA	POL	CD_3061	3.25	FALSE	0
4RPM	11	9.8015	0.0183	45	3.3333	0.4065	0.1541	25	6	4.7778	171.4541	2	20.48	25	0.5556	355.2	5	4	0	0	0	0	11.3888515663345	6NA	APOL	C6_3062	3.07	FALSE	0
4RPM	12	9.4917	0.0116	56	4.6275	0.6878	0.2611	19.5	6	4	883.1588	1	9	10	0.1786	709.3	9	0	0	0	0	1	18.4833439074211	6NA	POL	C6_3062	3.3	FALSE	0
4RPM	13	9.3977	0.3357	39	3.789	0.5226	0.1907	64	4	5.375	203.737	1	33	34	0.8718	289.4	5	2	0	1	0	0	12.4083603268119	6NA	APOL	CD_3061	3.04	FALSE	0
4RPM	14	8.8604	0.0077	46	3.6554	0.5291	0.2244	7.2222	5	3.5556	296.6033	-1	17.7895	19	0.413	646	0	5	1	2	0	1	25.3226541065505	6NA	POL	O_3058	3.14	FALSE	0
4RPM	15	6.7969	0.0069	46	4.3633	0.6689	0.1465	5.6	5	3.8	893.3597	1	13	14	0.3043	672.7	8	2	0	0	0	0	17.7365006131424	6NA	POL	C6_3062	3	FALSE	0
4RPM	16	5.061	0.0074	36	4.2815	0.6537	0.1146	12.5	4	5.3333	374.3381	2	9	10	0.2778	371.7	0	4	2	0	0	0	13.0351995381736	6NA	POL	C_3057	3.07	FALSE	0
4RPM	17	4.5072	0.0672	40	3.9818	0.5743	0.1266	48.0909	5	4.7273	592.7336	1	9.0909	11	0.275	541.3	4	2	3	2	0	0	12.0256985659878	6NA	POL	C_3057	3.01	FALSE	0
4RPM	18	4.1281	0.1112	38	3.7904	0.5652	0.1389	57.5455	2	4.1818	271.4329	0	13	14	0.3684	400.7	0	2	1	8	0	0	19.88404586597	6NA	POL	O_3058	3.12	FALSE	0
4RPM	19	4.0381	0.0135	37	4.3245	0.6307	0.2176	27.4444	3	3.6667	518.6917	0	8	9	0.2432	539.4	2	3	0	0	0	4	27.3360831685887	6NA	APOL	O_3058	3.07	FALSE	0
4RPM	1	28.5632	0.2276	100	4.2614	0.5317	0.1145	25.45	11	4.4	736.6864	1	45.8367	49	0.49	735.2	5	10	2	3	0	0	11.4052691331682	6NA	APOL	C_3057	3.3	FALSE	0
4RPM	2	25.31	0.1414	102	3.599	0.4575	0.1192	31.913	14	4.2609	669.7858	-1	33.2941	51	0.5	767.4	9	13	0	0	1	0	5.39114765147459	6NA	POL	CB_3059	3.06	FALSE	0
4RPM	3	19.3499	0.7794	60	3.6194	0.4727	0.1112	59.9231	7	4.8462	199.6118	0	49.6078	51	0.85	315.2	8	2	0	2	1	0	9.25989864955335	6NA	APOL	CD_3061	3.08	FALSE	0
4RPM	4	18.157	0.5835	94	3.7058	0.4764	0.0675	57.8	3	4.1	461.1931	1	46.339	59	0.6277	338.7	18	1	0	0	0	1	6.91193771673328	6NA	POL	C6_3062	3.12	FALSE	0
4RPM	5	17.3973	0.0203	84	3.6715	0.4649	0.249	20.8889	8	3.6667	521.9008	-2	23.5556	36	0.4286	922.1	9	5	0	2	2	0	20.9011503271949	6NA	POL	C6_3062	3.24	FALSE	0
4RPM	6	15.2657	0.0704	81	3.4024	0.4	0.1845	43.7895	6	4.1579	341.0866	1	23.8788	33	0.4074	462.5	8	3	3	4	0	1	21.3138763016022	6NA	APOL	O_3058	3.01	FALSE	0
4RPM	7	11.1773	0.0091	43	3.8163	0.6129	0.1583	2.25	9	3.5833	384.812	1	4	5	0.1163	438.1	3	1	2	6	0	0	15.3317133419589	6NA	POL	CA_3056	3.06	FALSE	0
4RPM	8	10.4701	0.0437	58	3.8368	0.5244	0.1272	36.9231	5	4	657.0687	1	26.4138	29	0.5	519.7	6	4	0	1	0	2	15.7223323333404	6NA	POL	O_3058	3.11	FALSE	0
4RPM	9	10.3362	0.0691	45	3.7146	0.4993	0.0788	46.7778	6	5.2222	253.802	-1	13	14	0.3111	281.3	0	3	5	1	0	0	14.1475714170313	6NA	POL	O_3058	3.23	FALSE	0
4RSC	0	46.0776	0.0794	366	3.8771	0.5162	0.0928	17.2083	28	3.875	2390.2512	2	38.9307	101	0.276	1436.3	0	3	29	15	0	0	6.19248859506419	PLM	APOL	C2_8355	3.15	FALSE	0
4RSC	10	7.0079	0.0131	45	3.2544	0.4418	0	24.6154	8	4.6154	101.7536	0	6	7	0.1556	109	0	0	11	0	1	0	5.82446958958496	PLM	APOL	C7_8360	3.16	FALSE	0
4RSC	11	6.0997	0.0171	76	3.7408	0.5337	0.1331	26	8	4.9167	619.0801	2	26.9412	34	0.4474	374.9	5	1	2	2	0	2	5.70162485612654	PLM	APOL	CD_8328	3.06	FALSE	0
4RSC	12	5.4976	0.1107	66	3.3388	0.419	0.0766	52.6667	8	4.7222	219.6715	0	28.3784	37	0.5606	90.7	0	5	12	0	0	1	3.41787419312063	PLM	APOL	CG_8369	3.35	FALSE	0
4RSC	13	5.1295	0.0061	45	3.5406	0.4365	0.2882	0.7273	8	3.8182	324.9979	4	19	20	0.4444	480.8	0	0	4	4	0	1	25.6953889443223	PLM	POL	C8_8323	3.11	FALSE	0
4RSC	14	4.4232	0.0798	57	3.3049	0.4177	0.1142	48.1176	7	4.3529	186.5557	0	30.5556	36	0.6316	59	0	5	10	0	1	1	5.64442388557061	PLM	POL	CG_8331	3.64	FALSE	0
4RSC	15	4.1476	0.0364	40	3.3876	0.3942	0.0667	35.9	5	4.5	216.8613	2	37	38	0.95	219.8	0	0	8	0	0	0	11.8295709981385	PLM	POL	C7_8322	3.11	FALSE	0
4RSC	16	4.0487	0.0377	41	3.3254	0.4336	0.0316	40.5833	8	4.8333	166.3587	-1	11.6923	13	0.3171	109.6	0	6	6	0	0	0	7.71629503064781	PLM	APOL	C5_8358	3.07	FALSE	0
4RSC	17	3.9426	0.043	43	3.4421	0.5041	0.0875	42.4444	5	5.1111	148.7201	1	24.8889	27	0.6279	218.1	5	0	1	2	0	1	5.83425865041996	PLM	APOL	CD_8366	3.05	FALSE	0
4RSC	18	3.4254	0.0236	53	3.8642	0.4406	0.3409	35.6	5	5.1	307.5776	3	16	17	0.3208	599.3	0	3	2	4	0	0	14.1858236983264	PLM	POL	CB_8326	3.11	FALSE	0
4RSC	19	3.1759	0.0309	72	4.4989	0.543	0.0783	39.1429	5	4	886.7098	1	17.9	20	0.2778	535.4	0	0	8	4	0	0	18.4563964521788	PLM	POL	C7_8360	3.46	FALSE	0
4RSC	1	39.3058	0.7866	301	3.694	0.4821	0.1058	35.5208	24	4.2917	1386.0396	-1	78.7163	215	0.7143	878.2	2	19	14	8	1	4	0.264208251195909	PLM	APOL	CG_8369	3.73	TRUE	1
4RSC	20	3.1362	0.024	51	3.9097	0.4695	0.3539	35.6	5	5.1	412.3075	3	18	19	0.3725	601.5	0	3	2	4	0	0	14.1000234751578	PLM	POL	CB_8364	3.08	FALSE	0
4RSC	21	2.9672	0.0652	55	3.3612	0.4958	0.0576	45.9091	2	4	147.8181	-1	36	37	0.6727	111.5	1	1	5	4	0	0	4.8261791305338	PLM	APOL	CA_8325	3.01	FALSE	0
4RSC	22	2.9103	0.0631	54	3.3846	0.4915	0.0351	45.9091	2	4	151.0841	-1	35	36	0.6667	112.9	1	1	5	4	0	0	5.04883323154964	PLM	APOL	CA_8363	3.05	FALSE	0
4RSC	23	2.768	0.0051	36	4.3736	0.6513	0.1861	-1.7	7	3.9	483.9315	-1	4.5714	7	0.1944	533.8	0	7	1	1	0	1	18.5380353058246	PLM	APOL	CG_8369	3.81	FALSE	0
4RSC	24	2.5333	0.005	37	4.1812	0.5683	0.1856	-3	6	3.8	529.8645	-1	15	16	0.4324	683	3	3	0	4	0	0	14.6905440675286	PLM	POL	CA_8363	3.18	FALSE	0
4RSC	25	2.0439	0.0089	50	4.2876	0.5287	0.4334	18.8462	6	3.7692	1031.5652	-1	5	6	0.12	1016.6	1	12	0	0	0	0	12.2643319019015	A3V	POL	C14_8384	3.14	FALSE	0
4RSC	26	1.0186	0.0051	39	3.4405	0.3839	0.0537	-2.6667	7	3.7778	201.351	-2	8	12	0.3077	191.7	0	3	10	1	0	0	17.5226619267736	PLM	POL	C7_8322	3	FALSE	0
4RSC	27	0.1567	0.0083	41	3.8263	0.4821	0.3333	18.8182	4	3.4545	601.8923	0	8	9	0.2195	755.8	0	6	2	1	1	0	18.9791667098427	A3V	POL	C14_8384	3.12	FALSE	0
4RSC	28	-0.0107	0.0049	40	3.8806	0.5642	0.1819	3.8571	3	3.2857	380.8072	-1	9	10	0.25	381.5	0	2	3	2	0	0	21.1714980575301	PLM	POL	O2_8354	3.33	FALSE	0
4RSC	2	29.9454	0.736	238	3.7681	0.4849	0.118	39.7273	21	4.25	1236.9597	-2	74.2247	178	0.7479	881.9	2	18	14	7	0	3	0.236395854447574	PLM	APOL	CG_8331	3.72	TRUE	1
4RSC	3	17.0657	0.0228	168	3.9781	0.5349	0.15	21.9355	17	3.8387	1419.1522	2	18.878	41	0.244	1155.6	0	1	20	10	0	0	12.9638778920507	PLM	APOL	O2_8316	4.29	FALSE	0
4RSC	4	12.878	0.0342	115	4.1419	0.551	0.0755	15.1333	10	3.9333	1115.7205	0	51.0286	70	0.6087	810.4	0	7	7	9	0	0	19.9889193304691	PLM	APOL	C7_8322	3.53	FALSE	0
4RSC	5	8.644	0.0253	58	3.9138	0.5592	0.3012	28.9	7	4.8	365.1268	2	36.9474	38	0.6552	627.5	2	6	0	0	0	2	6.66228872085261	A3V	APOL	C14_8384	3.62	FALSE	0
4RSC	6	8.1287	0.0124	57	4.0307	0.6215	0.1435	19.3333	10	4.75	580.8052	1	20.4167	24	0.4211	519	0	0	4	8	0	0	22.8989826411568	PLM	APOL	CG_8369	3.01	FALSE	0
4RSC	7	7.8378	0.0101	54	4.061	0.5995	0.3354	16.5455	8	4	409.6517	2	21.8261	23	0.4259	741	2	7	0	0	0	2	7.1862319751035	A3V	APOL	C14_8346	3.8	FALSE	0
4RSC	8	7.5371	0.0106	57	3.642	0.5833	0.2842	15.6667	10	3.6667	494.4508	0	19.5455	22	0.386	726.4	0	2	9	1	0	0	24.1320195798031	PLM	POL	O2_8316	3.05	FALSE	0
4RSC	9	7.066	0.0559	62	3.4081	0.4265	0.0445	37.1429	7	4.5	260.4711	2	42.7391	46	0.7419	269.4	0	0	12	0	0	0	10.0973426702276	PLM	POL	CB_8364	3.02	FALSE	0
4S0X	0	21.1237	0.1568	179	3.8614	0.4863	0.0457	46.7895	7	4.4737	1466.2511	1	14.9474	38	0.2123	1020.7	14	4	0	16	4	0	15.4132818698679	DAO	APOL	C11_4197	3.12	FALSE	0
4S0X	10	10.0604	0.0075	43	3.6631	0.4568	0.5422	-16.375	5	3	277.447	1	12	13	0.3023	547.6	2	1	2	0	0	3	15.8204009430861	DAO	APOL	C12_4198	3.56	FALSE	0
4S0X	11	8.8757	0.033	40	3.3383	0.3958	0.1893	25.375	7	3.4375	202.0473	-1	11.8667	15	0.375	103.5	5	5	3	1	2	0	36.6187146279058	DAO	APOL	C3_4189	3.09	FALSE	0
4S0X	12	8.8008	0.0473	37	3.3835	0.3727	0.105	30.1333	7	3.4667	176.5491	-1	13.6	15	0.4054	99.9	5	4	3	1	2	0	11.9305141967981	DAO	POL	C12_4198	3.22	FALSE	0
4S0X	13	8.1057	0.019	38	4.4339	0.5781	0.2867	2.8462	9	4.0769	732.5892	2	4	5	0.1316	814.2	4	3	1	5	0	0	0.369154439225641	DAO	POL	C6_4192	4.48	TRUE	1
4S0X	14	8.0797	0.042	45	3.6131	0.4279	0.3872	16.1	5	3.4	331.0392	0	21.9167	24	0.5333	372.1	8	1	0	0	0	1	12.662171417257	DAO	APOL	C12_4198	3.15	FALSE	0
4S0X	15	7.5877	0.043	47	3.4272	0.4021	0.1203	31.2143	7	3.8571	306.157	0	10	12	0.2553	278.1	4	6	3	1	0	0	14.3061842222166	DAO	APOL	C12_4198	3.04	FALSE	0
4S0X	16	7.1924	0.017	48	4.12	0.5513	0.1538	15.2727	7	4.2727	703.7045	2	3	4	0.0833	728.7	0	1	3	7	0	0	45.7208107758382	DAO	POL	O2_4186	3	FALSE	0
4S0X	17	6.8512	0.0463	39	3.8614	0.5772	0.3328	32.6667	3	3.8889	565.4187	0	19	20	0.5128	600.1	6	0	3	0	0	0	15.6311406173702	DAO	APOL	C12_4198	3.08	FALSE	0
4S0X	18	5.6156	0.006	37	4.0994	0.5757	0.2707	-4.5714	4	3.7143	390.5918	1	5	6	0.1622	391.2	1	2	0	4	0	0	15.3640182894971	DAO	POL	O2_4186	5.56	FALSE	0
4S0X	19	5.4743	0.0165	42	4.1731	0.5341	0.1451	19.6	6	4	783.8409	0	3	4	0.0952	664.7	0	4	3	3	0	0	20.4649080623393	DAO	POL	C12_4198	3.16	FALSE	0
4S0X	1	16.6432	0.2145	62	4.0641	0.58	0.2557	29.6667	11	4.8667	873.9228	1	20.56	25	0.4032	646.4	8	3	2	2	0	0	3.92382746817441	DAO	APOL	C10_4196	3.57	FALSE	0
4S0X	20	5.4662	0.0069	36	4.2264	0.526	0.2537	-4.5714	4	3.7143	598.4075	1	11	12	0.3333	393	1	2	0	4	0	0	6.25304261939737	DAO	APOL	C5_4191	3.13	FALSE	0
4S0X	21	5.0928	0.0099	57	4.5229	0.605	0.2091	15	4	4.1538	793.5269	1	5.5	8	0.1404	849.7	0	5	0	5	0	3	17.2115112933176	DAO	APOL	O2_4186	4.21	FALSE	0
4S0X	22	4.2043	0.0078	62	4.2568	0.667	0.2082	8	4	4.0833	982.559	1	4.8889	9	0.1452	901.1	0	6	0	3	0	3	33.0553153970734	DAO	POL	C9_4195	3.07	FALSE	0
4S0X	2	16.349	0.4434	52	3.8866	0.4964	0.1993	13.5	8	3.4375	619.9062	-1	33.8333	36	0.6923	711	3	5	0	5	0	3	7.36979002414587	DAO	POL	C3_4189	3.14	FALSE	0
4S0X	3	14.3632	0.0395	56	3.8714	0.5378	0.3007	12.6667	9	4.3333	571.3777	1	16	17	0.3036	556.3	7	3	1	1	0	0	29.3676800071099	DAO	POL	C3_4189	3.21	FALSE	0
4S0X	4	13.9807	0.0307	72	3.634	0.5009	0.4557	2.4444	11	3.8333	519.8304	4	4	10	0.1389	815.2	3	5	6	4	0	0	7.65947818065957	DAO	POL	C11_4197	3.4	FALSE	0
4S0X	5	13.5712	0.0162	64	3.3063	0.4088	0.1866	-7.25	9	3.4375	188.4175	0	5	6	0.0938	255.1	0	5	4	5	0	2	36.4917261855342	DAO	POL	C3_4189	3.14	FALSE	0
4S0X	6	13.5191	0.0198	68	3.2709	0.4273	0.1144	-7.4118	10	3.4706	190.7973	0	0	1	0.0147	235.1	0	5	4	6	0	2	19.5610877253797	DAO	POL	C12_4198	3.12	FALSE	0
4S0X	7	11.5973	0.0178	45	4.3845	0.6419	0.1458	-2	9	4.1818	628.5552	2	6	7	0.1556	359.5	1	0	0	7	1	2	23.0779090257328	DAO	APOL	C9_4195	3.09	FALSE	0
4S0X	8	11.3714	0.0182	46	3.4241	0.4283	0.4506	0.0909	8	3.8182	252.4486	1	13	14	0.3043	536.9	5	0	2	4	0	0	42.2046596598053	DAO	APOL	C3_4189	3.06	FALSE	0
4S0X	9	10.8048	0.0218	41	4.3981	0.6275	0.1302	-1.1667	10	4.1667	689.2395	3	0	1	0.0244	464.8	1	1	0	6	2	2	19.8644144137198	DAO	POL	O2_4186	3.15	FALSE	0
4RW5	0	40.2596	0.0939	134	3.7649	0.5092	0.1288	17.68	17	4.16	1016.6381	2	19.0698	43	0.3209	745.4	0	4	10	11	0	0	0.240293570450813	OCA	POL	C6_2282	4.03	TRUE	1
4RW5	10	7.7106	0.0048	38	3.8139	0.6106	0.4328	-18.5714	6	4.5714	440.4763	4	0	1	0.0263	428.9	2	0	0	4	0	1	19.0640725449732	PLM	POL	CE_2253	3.13	FALSE	0
4RW5	11	7.1346	0.0097	36	3.8258	0.5539	0.1756	12.1667	5	4.5	541.3668	4	12.8571	14	0.3889	464.9	5	0	0	1	0	0	0.388790431981036	PLM	POL	CD_2252	3.99	TRUE	1
4RW5	12	6.2043	0.0498	37	3.5641	0.5105	0.359	40.8333	2	3.5	349.8093	1	17	18	0.4865	345.7	4	1	1	0	0	0	21.4557144136475	OCA	POL	C6_2282	3.03	FALSE	0
4RW5	13	5.1694	0.0056	37	4.138	0.6073	0.3172	-1.75	4	2.875	712.1733	1	9.8182	11	0.2973	502.3	2	3	1	1	0	0	21.2131806431756	OCA	POL	C7_2283	3.06	FALSE	0
4RW5	1	21.1525	0.1673	67	3.5934	0.4951	0.3152	23.6923	9	4.4615	570.3651	1	28.0625	32	0.4776	714.2	1	6	1	5	0	0	18.2970779634345	OCA	POL	C5_2281	3.1	FALSE	0
4RW5	2	18.9377	0.2428	54	4.1382	0.6114	0.3996	7.3333	7	3.4167	741.1671	4	35.4872	39	0.7222	786.5	7	3	1	1	0	0	8.65683550727401	TDA	POL	C33_2276	3.12	FALSE	0
4RW5	3	17.9834	0.022	69	4.0107	0.5133	0.28	22.6667	10	4.2667	807.6704	3	7	12	0.1739	860	2	7	2	4	0	0	9.61832235891478	OCA	APOL	C4_2280	3.14	FALSE	0
4RW5	4	13.2781	0.0116	39	4.1284	0.6176	0.2711	9.0769	9	4.4615	501.4832	4	8	9	0.2308	805.1	0	4	4	4	0	0	18.4401617671863	OCA	POL	C7_2283	3.2	FALSE	0
4RW5	5	11.8871	0.0101	39	4.1838	0.6584	0.1946	10.5	8	4	461.9633	-1	4	5	0.1282	462.8	1	5	2	0	0	1	15.6554804461569	TDA	POL	O22_2263	3.64	FALSE	0
4RW5	6	10.0822	0.0068	37	3.6729	0.5136	0.2233	-0.5	5	2.625	245.2553	1	12	13	0.3514	306.2	7	0	0	1	0	0	19.4543527777205	OCA	APOL	C3_2279	3.46	FALSE	0
4RW5	7	9.64	0.0208	40	3.6616	0.4725	0.1643	18.2222	5	3.6667	452.2066	4	19.4545	22	0.55	455.2	8	0	0	0	0	0	7.70771931248148	TDA	APOL	C24_2267	4.85	FALSE	0
4RW5	8	8.4629	0.0121	44	3.8872	0.5647	0.2769	17.5	5	4.4	516.1001	2	13.25	16	0.3636	611.4	4	0	0	6	0	0	12.0506777402767	OCA	POL	C3_2279	3	FALSE	0
4RW5	9	8.0184	0.0114	38	3.9154	0.5306	0.3187	19.125	5	3.875	561.5158	3	10	11	0.2895	600.3	5	1	0	0	0	2	0.339328749150437	TDA	POL	C33_2276	4.35	TRUE	1
4XRF	0	27.2278	0.2203	91	3.4715	0.4621	0.1729	43.125	4	3.75	657.5137	2	30.5116	43	0.4725	617	11	4	0	0	0	0	8.4150154485895	DAO	POL	C11_1215	3.1	FALSE	0
4XRF	10	7.4448	0.2298	40	4.4437	0.5265	0.18	52.3	1	3.4	804.5087	0	32.7222	36	0.9	685.3	10	0	0	0	0	0	2.41030952369193	DAO	APOL	C12_1216	5.59	FALSE	0
4XRF	11	5.654	0.1194	38	3.8744	0.6185	0.3484	54.8571	2	4.1429	526.794	1	11.25	16	0.4211	603.9	7	0	0	0	0	0	0.415535798698498	DAO	POL	C9_1213	4.27	TRUE	1
4XRF	1	22.3554	0.4292	60	3.8443	0.4868	0.4605	44.3	6	4.2	428.8946	2	30.4118	34	0.5667	724.3	5	5	0	0	0	0	19.1337911559628	DAO	APOL	O2_1204	3	FALSE	0
4XRF	2	20.4159	0.7213	64	4.069	0.5891	0.3737	46.625	2	3.75	833.4582	0	50.7119	59	0.9219	520	7	1	0	0	0	0	8.32160501345744	DAO	POL	C12_1216	3.05	FALSE	0
4XRF	3	19.2955	0.2326	57	4.5414	0.6386	0.133	44.3	3	4.1	631.8549	-1	33.6	35	0.614	723.3	9	1	0	0	0	0	8.33324360618361	DAO	APOL	C11_1215	3.18	FALSE	0
4XRF	4	14.3686	0.0334	45	4.4838	0.672	0.2806	-5.2857	6	3.5714	734.5905	-1	18.7	20	0.4444	584.2	2	2	2	0	0	0	26.4596627529528	DAO	POL	O2_1204	4.22	FALSE	0
4XRF	5	11.8153	0.0314	51	3.8183	0.5874	0.3988	20.875	4	3.875	687.355	0	20.6154	26	0.5098	818.2	6	2	0	0	0	0	17.4770485208458	DAO	APOL	C12_1216	3.18	FALSE	0
4XRF	6	11.167	0.0354	43	3.5242	0.4788	0.2737	27	4	4	336.0415	0	14	19	0.4419	647.2	5	0	2	2	0	0	19.270884385518	DAO	POL	O2_1204	3.39	FALSE	0
4XRF	7	10.8335	0.0359	39	3.6905	0.5501	0.2598	20.875	5	3.625	389.9361	0	6	8	0.2051	387	3	3	2	0	0	0	25.5033487016901	DAO	POL	C7_1211	3.06	FALSE	0
4XRF	8	8.6908	0.0263	39	4.6912	0.667	0.1517	33.4286	1	3	741.4106	-1	21	22	0.5641	545.7	6	0	0	0	0	0	4.64882404485263	DAO	APOL	C12_1216	5.94	FALSE	0
4XRF	9	7.7708	0.0193	39	3.9981	0.5817	0.2745	20.6667	3	2.7778	554.3277	1	17.8261	23	0.5897	468.2	5	1	3	0	0	0	22.7618419948826	DAO	APOL	C9_1213	3.13	FALSE	0
4YFA	0	34.3625	0.0401	352	4.045	0.5442	0.4137	9.5156	37	3.875	3101.3242	3	20.0896	67	0.1903	2657.3	16	14	8	21	2	5	14.610118343121	DKA	APOL	O1_11521	4.77	FALSE	0
4YFA	10	8.5708	0.0244	88	3.396	0.4162	0.2254	32.0455	11	3.5909	342.183	-1	24.0541	37	0.4205	231.8	10	4	1	7	0	1	4.67150714438071	DKA	APOL	C10_11518	3.27	FALSE	0
4YFA	11	7.4455	0.008	123	3.7853	0.4702	0.3301	12.75	10	3.55	859.0411	-4	14.5806	31	0.252	919.6	6	2	9	2	0	3	16.1999583332797	DKA	POL	C10_11530	3.08	FALSE	0
4YFA	12	7.2109	0.0103	67	3.955	0.6247	0.1771	11.75	7	3.3333	446.1088	0	34.1667	36	0.5373	569.9	3	6	0	3	0	0	20.0362148620941	DKA	APOL	C1_11520	3.01	FALSE	0
4YFA	13	6.08	0.0051	47	4.0718	0.635	0.2063	-5.1538	10	3.2308	669.7905	1	9.2727	11	0.234	727.8	1	3	5	4	0	0	22.0172296395346	DKA	POL	C8_11528	3.51	FALSE	0
4YFA	14	6.0246	0.0119	100	4.0408	0.5546	0.072	17.5789	9	3.3158	958.2084	-2	29.9459	37	0.37	849.9	4	1	6	8	0	0	22.9664701031743	DKA	POL	C7_11527	3.13	FALSE	0
4YFA	15	5.1707	0.0103	73	4.2416	0.6583	0.1061	13.2727	6	3.4545	859.2679	0	33.5	36	0.4932	573.4	3	5	0	3	0	0	20.5283219236254	DKA	APOL	O2_11519	3.14	FALSE	0
4YFA	16	4.9807	0.0158	69	3.3798	0.4018	0.1318	27.7619	9	3.4286	280.2465	-1	17.04	25	0.3623	211.7	10	4	0	6	0	1	8.73056962631878	DKA	POL	C10_11530	3.3	FALSE	0
4YFA	17	4.8857	0.0085	46	4.4802	0.6392	0.1282	14.9167	7	3.6667	678.0624	0	22	23	0.5	732.1	2	0	3	7	0	0	24.4864062287629	DKA	APOL	C4_11524	3.29	FALSE	0
4YFA	18	4.0217	0.0121	38	3.3937	0.3696	0.2991	24.2	9	4.2	193.5747	1	6.2	10	0.2632	293.4	0	8	2	3	0	2	8.03904192052759	DKA	POL	O1_11521	3.34	FALSE	0
4YFA	19	3.8749	0.0542	72	3.6253	0.4657	0.2955	45.75	8	4.4375	599.2601	1	19.0345	29	0.4028	466.5	3	3	3	3	1	3	19.5458713031678	DKA	POL	O1_11521	3.02	FALSE	0
4YFA	1	31.0915	0.0284	465	4.1641	0.4726	0.16	17.0213	28	3.9574	4484.748	1	22.8519	108	0.2323	3279.8	14	21	10	31	0	0	15.5307493058126	DKA	POL	C6_11526	3.07	FALSE	0
4YFA	20	3.849	0.0254	42	3.6558	0.4632	0.3314	36.3636	6	4.1818	235.1904	1	19	20	0.4762	304.2	2	2	2	2	1	2	20.7131035337537	DKA	APOL	C8_11516	3.28	FALSE	0
4YFA	21	3.8229	0.0059	43	4.6163	0.6673	0.1063	7.2727	7	3.5455	698.4032	0	10	11	0.2558	708.4	2	0	2	7	0	0	24.7993179946546	DKA	APOL	O2_11519	3.4	FALSE	0
4YFA	22	3.1296	0.0068	53	3.9415	0.5678	0.1523	11.7692	7	3.2308	430.2848	-2	10	11	0.2075	504.8	3	1	1	8	0	0	23.0222653533487	DKA	POL	C4_11512	3.2	FALSE	0
4YFA	23	3.031	0.0351	149	3.8274	0.4745	0.6458	40.3846	8	4.1923	1628.8811	2	15.697	33	0.2215	1160.3	1	10	5	12	1	1	25.8012411523167	DKA	POL	C10_11518	3	FALSE	0
4YFA	24	2.4967	0.0061	40	3.8773	0.5943	0.0846	8.25	6	3.875	339.6138	0	15	16	0.4	487	2	2	0	3	1	0	29.1981633840213	DKA	POL	O2_11519	3.07	FALSE	0
4YFA	25	2.3139	0.0096	69	3.3918	0.4437	0.1501	19.3846	6	3.5385	415.2899	-1	20.2727	22	0.3188	309.8	4	5	0	2	2	0	15.1134309142564	DKA	APOL	C1_11520	3.03	FALSE	0
4YFA	26	2.2861	0.0075	89	4.2598	0.5203	0.2389	16.3125	6	3.625	976.6885	-1	4	5	0.0562	861.2	8	2	1	5	0	0	24.6073756016362	DKA	POL	O2_11519	5.82	FALSE	0
4YFA	27	2.2128	0.0078	61	4.0002	0.5343	0.3835	13.9375	9	3.5	992.1341	-1	9.2727	11	0.1803	712	3	6	3	4	0	0	22.1998890312542	DKA	POL	O1_11509	3.04	FALSE	0
4YFA	28	2.1759	0.0059	41	3.8322	0.5972	0.2678	8.25	6	3.875	310.5324	0	12	13	0.3171	480.6	2	2	0	3	1	0	28.2328250977475	DKA	POL	C1_11520	3.13	FALSE	0
4YFA	29	1.9938	0.0252	42	3.4481	0.4308	0.4099	37.6667	6	4.5	205.2076	0	3	4	0.0952	260.5	0	6	2	4	0	0	8.49230740140746	DKA	POL	C2_11510	3.38	FALSE	0
4YFA	2	24.2419	0.0316	313	3.8975	0.518	0.306	23.7826	24	4.1304	2254.8242	5	26.5195	77	0.246	1551.9	5	20	4	12	1	5	0.794799345747087	DKA	POL	O1_11521	3.08	FALSE	0
4YFA	30	1.6318	0.0048	39	3.9485	0.6142	0.2083	-0.5556	7	3	524.3755	0	5.4286	7	0.1795	446.1	0	1	6	2	0	0	25.1090980722128	DKA	POL	C7_11527	3.2	FALSE	0
4YFA	31	1.1935	0.0137	42	3.7451	0.478	0.3364	28.1	6	3.7	618.6609	-1	9	10	0.2381	397.1	1	4	3	2	0	0	22.9479662279689	DKA	POL	C3_11523	3.12	FALSE	0
4YFA	32	1.0247	0.0195	67	3.4885	0.4488	0.2391	32.6429	7	4.1429	455.5267	1	14.32	25	0.3731	657.4	2	7	0	0	1	4	19.886213566187	DKA	APOL	C10_11530	3.03	FALSE	0
4YFA	33	1.0155	0.0127	55	3.3465	0.3965	0.0658	26.7273	4	3.6364	195.543	0	17.5789	19	0.3455	177	3	4	0	2	2	0	16.7863691130631	DKA	POL	O2_11519	3.19	FALSE	0
4YFA	34	0.6732	0.0111	39	4.0171	0.617	0.5239	24.375	5	4.125	492.4468	0	13	14	0.359	626.4	4	3	1	0	0	0	22.8404050971081	DKA	POL	C10_11518	3.36	FALSE	0
4YFA	35	0.4903	0.0227	41	3.4281	0.3615	0.3215	36	5	4.3636	275.2785	1	12.4	15	0.3659	431.2	2	5	0	1	1	2	19.7250297338179	DKA	APOL	C8_11516	3.09	FALSE	0
4YFA	36	-0.5542	0.1423	39	3.2033	0.3682	0.4179	62.25	3	4.4167	167.0178	1	15	16	0.4103	219.4	0	5	2	4	1	0	27.2592601697111	DKA	POL	C10_11530	3.01	FALSE	0
4YFA	37	-0.7971	0.0907	36	3.3068	0.41	0.3136	55.4615	4	4.6154	128.5185	0	8.3636	11	0.3056	261.4	8	2	0	3	0	0	19.4514782214617	DKA	APOL	C10_11518	3.03	FALSE	0
4YFA	38	-0.8198	0.005	37	4.1709	0.7258	0.1027	4.375	4	3.5	535.1861	0	10	11	0.2973	485	3	2	1	2	0	0	23.5357898104143	DKA	POL	C7_11527	3.06	FALSE	0
4YFA	39	-1.4148	0.0897	36	3.2724	0.4501	0.4573	53.375	3	4.625	237.8508	0	24.8889	27	0.75	313.6	6	1	0	1	0	0	16.2079836500411	DKA	APOL	C10_11518	3.03	FALSE	0
4YFA	3	17.8604	0.6999	111	3.6378	0.4751	0.0813	45.5	12	4.6818	373.9812	-1	74.3656	93	0.8378	152.3	6	2	10	4	0	0	0.281071165365643	DKA	APOL	C5_11525	4.09	TRUE	1
4YFA	40	-1.5925	0.01	38	4.0368	0.5694	0.1513	22.4	6	5	596.2397	2	7	10	0.2632	639	0	9	0	1	0	0	15.3096599570337	DKA	POL	O2_11519	4.35	FALSE	0
4YFA	41	-1.9207	0.1087	40	3.7108	0.5101	0.6241	58.1429	2	4	325.1842	0	16	17	0.425	398.2	1	3	0	0	0	3	21.2460999950579	DKA	APOL	O1_11521	4.47	FALSE	0
4YFA	42	-2.3914	0.0395	41	3.5168	0.4737	0.34	43.1667	4	3.6667	351.1033	1	18.8571	21	0.5122	490.8	4	3	0	3	0	2	27.7225221435569	DKA	APOL	O1_11521	3.01	FALSE	0
4YFA	43	-2.929	0.0067	73	3.9302	0.5445	0.2018	13.75	5	3.5625	847.4908	-1	5.8	10	0.137	614.7	11	3	0	2	0	0	21.5424275790822	DKA	POL	C9_11529	3.47	FALSE	0
4YFA	44	-3.1411	0.021	39	3.5747	0.5523	0.2483	35.4444	4	3.5556	418.844	1	11.1765	17	0.4359	386.2	3	2	3	1	0	0	19.1765727125574	DKA	APOL	C8_11528	3.03	FALSE	0
4YFA	4	17.4728	0.011	224	4.2472	0.5067	0.5308	10.9394	18	3.8788	2644.1843	2	14.6842	38	0.1696	1912.2	3	10	7	11	1	3	26.9307416347935	DKA	POL	O2_11519	4.77	FALSE	0
4YFA	5	17.3868	0.0191	198	3.8644	0.504	0.1804	23.7778	18	4.7037	1538.4242	5	16.9268	41	0.2071	1022.1	2	14	3	6	1	2	2.23241259627337	DKA	POL	O2_11519	3.25	FALSE	0
4YFA	6	15.5662	0.5674	116	3.6211	0.4537	0.2069	46.7391	12	4.6957	412.2235	-1	65.6735	98	0.8448	154.4	6	4	9	4	0	0	0.34008675363795	DKA	POL	O1_11509	3.32	TRUE	1
4YFA	7	12.7918	0.0075	92	3.9812	0.5203	0.0989	-4.05	13	3.75	795.0895	1	28.3871	31	0.337	754.7	3	9	2	2	1	3	15.0162353804141	DKA	APOL	O2_11519	4.39	FALSE	0
4YFA	8	12.5811	0.0225	133	4.0455	0.5129	0.5093	24.9231	14	4	1018.7938	1	32.5556	36	0.2707	1072.1	2	9	1	13	0	2	8.67512495587239	DKA	APOL	C2_11510	3.06	FALSE	0
4YFA	9	9.5748	0.0083	131	3.8623	0.4866	0.5238	10.1429	13	3.619	1119.3549	-3	13.2593	27	0.2061	1086.8	6	1	12	4	0	1	14.5758355163606	DKA	POL	C10_11518	3.22	FALSE	0
4ZR1	0	33.7411	0.2025	209	3.7306	0.4894	0.3693	23.3824	18	3.8235	1638.6818	2	38	97	0.4641	1781.2	10	12	0	10	0	2	23.211774985985	TRD	APOL	C1_2411	3.22	FALSE	0
4ZR1	1	16.785	0.7728	68	3.7389	0.5157	0.0477	48.8667	7	4.7333	394.5683	1	57.9677	62	0.9118	441.1	15	0	0	0	0	0	0.154686780301353	TRD	APOL	C2_2412	4.05	TRUE	1
4ZR1	2	13.809	0.306	101	3.7667	0.4674	0.1158	54.5455	7	4.4545	665.416	-1	36.3548	62	0.6139	811	8	5	0	7	0	2	6.54396706898805	TRD	APOL	C1_2411	3.22	TRUE	1
4ZR1	3	13.7666	0.0225	56	3.2655	0.4192	0.0816	14.1875	11	4.375	207.0497	-9	25.3939	33	0.5893	167.5	11	3	0	2	0	0	4.18196006676295	TRD	APOL	C1_2411	3.78	FALSE	0
4ZR1	4	12.9169	0.5859	55	4.2674	0.6163	0.1299	48.5455	6	5	583.9794	1	50.4906	53	0.9636	505.6	11	0	0	0	0	0	0.392690717995725	TRD	POL	C11_2434	4.2	TRUE	1
4ZR1	5	8.7971	0.0101	57	3.7909	0.4622	0.4723	11.7273	8	3.7273	623.3376	-2	8.1818	11	0.193	690.4	4	2	0	3	0	2	22.1267870238767	TRD	APOL	C1_2411	3.05	FALSE	0
4ZR1	6	5.64	0.0178	46	3.7134	0.4725	0.4355	26.5455	7	4.2727	704.9371	1	10	11	0.2391	641.2	5	3	0	3	0	0	23.8416619177439	TRD	APOL	C1_2411	3.42	FALSE	0
4ZR1	7	5.4049	0.0174	36	3.683	0.4564	0.4478	24.6364	8	4.0909	399.0269	2	7.7778	9	0.25	524.4	3	4	0	2	0	2	21.3186308425283	TRD	POL	C1_2411	3.48	FALSE	0
4ZR1	8	4.5372	0.0123	36	3.9746	0.5669	0.346	21.7	5	3.9	438.3348	-1	15	16	0.4444	538.6	1	2	0	4	0	3	16.7076697657094	TRD	POL	C1_2411	3.05	FALSE	0
4ZR1	9	2.0518	0.0727	36	3.9152	0.6866	0.0604	43.5	1	4.25	547.5941	1	31.697	33	0.9167	488	3	1	0	0	0	0	11.1160470042187	TRD	APOL	C13_2423	3.61	FALSE	0
5D91	0	31.5702	0.0382	92	3.8396	0.4788	0.2075	-5	10	3.375	744.5822	-1	16.7619	21	0.2283	834.7	10	4	0	1	0	0	2.74122199028098	8K6	POL	C2_2797	3.14	FALSE	0
5D91	10	8.1521	0.009	37	4.0629	0.5232	0.809	-5.3333	4	3.3333	826.3447	-3	16.8421	19	0.5135	652.4	0	4	2	0	0	0	26.59260540075	8K6	POL	C1_2796	3.03	FALSE	0
5D91	1	29.2925	0.0329	78	4.2453	0.51	0.229	-14	10	3.3125	767.1159	0	16	17	0.2179	693.3	12	3	0	0	0	0	10.3869913834565	8K6	POL	C16_2702	3.19	FALSE	0
5D91	2	27.9722	0.0263	99	4.0397	0.5227	0.3167	9.5	7	3.3889	987.1879	-1	18.2759	29	0.2929	714.2	4	4	1	5	0	0	11.0635432389447	8K6	POL	C1_2796	3.46	FALSE	0
5D91	3	23.0526	0.1364	56	3.4623	0.4312	0.2116	30.9375	10	4.25	261.4164	0	17.6364	22	0.3929	353.8	16	0	0	0	0	0	5.03872712100983	8K6	APOL	C17_2745	3.17	FALSE	0
5D91	4	22.725	0.686	54	4.009	0.5876	0.1902	37.5455	6	4.6364	567.6882	-2	38.7143	42	0.7778	619.7	8	3	0	0	0	0	0.451101984034645	8K6	APOL	C17_2703	4.75	TRUE	1
5D91	5	18.9406	0.8652	45	4.1753	0.596	0.1633	52.0833	7	4.75	797.7531	0	36.45	40	0.8889	666.7	11	1	0	0	0	0	0.427032785626586	8K6	APOL	C16_2765	4.67	TRUE	1
5D91	6	16.1215	0.0875	42	3.4533	0.436	0.6404	36.1818	7	4.4545	273.9186	2	17	18	0.4286	517.2	2	1	7	1	0	0	23.5400204332961	8K6	POL	C17_2689	3.92	FALSE	0
5D91	7	10.6705	0.1984	37	3.9623	0.5754	0.0725	34.7778	3	4	638.8284	0	30.3636	33	0.8919	549.7	8	1	0	0	0	0	10.9331529304222	8K6	APOL	C17_2668	3.12	FALSE	0
5D91	8	9.1079	0.3055	36	3.9385	0.7105	0.2125	53	4	4.6667	496.864	0	24.9032	31	0.8611	316.6	6	0	0	0	0	0	0.609581003641024	8K6	APOL	C13_2678	3.88	TRUE	1
5D91	9	8.3694	0.0574	38	3.4774	0.4877	0.7865	41.3636	4	4.0909	295.4007	3	13.7333	15	0.3947	642.4	4	3	4	0	0	0	37.5221498451248	8K6	APOL	C1_2796	3	FALSE	0
5HCN	0	33.9936	0.9242	112	3.6727	0.4783	0.0257	61.7895	7	5.1053	545.0076	3	75.7282	103	0.9196	539.6	11	0	7	1	0	0	0.202091563406296	DAO	APOL	C5_2006	4.25	TRUE	1
5HCN	1	27.9406	0.0704	90	4.0555	0.5526	0.134	22.2222	13	4.4444	931.374	4	26.0645	31	0.3444	998.9	8	1	3	5	0	1	11.3244442247732	DAO	POL	O2_2001	3.06	FALSE	0
5HCN	2	27.3696	0.0548	110	3.8053	0.5184	0.2848	33.6	7	3.9333	613.554	0	35.0588	51	0.4636	871.4	12	2	0	0	0	1	9.21998535790594	DAO	APOL	C10_2011	3.1	FALSE	0
5HCN	3	22.0896	0.0447	76	3.2787	0.3919	0.1961	23.4706	9	3.3529	313.5402	-1	35.7959	49	0.6447	403.1	13	2	2	0	0	0	10.6450888676422	DAO	POL	C6_2007	3.06	FALSE	0
5HCN	4	15.8275	0.0176	44	3.7264	0.5078	0.0954	10.1111	8	4.1111	397.7807	2	29	30	0.6818	500.1	1	2	1	3	0	2	14.6542920333942	DAO	POL	O1_2000	3.31	FALSE	0
5HCN	5	15.2338	0.0292	78	3.5285	0.4863	0.7197	26.6875	8	3.6875	944.0261	3	16.1875	32	0.4103	1184.4	5	9	0	1	0	1	27.6946979041115	DAO	APOL	C4_2005	3.1	FALSE	0
5HCN	6	10.0623	0.013	38	3.3981	0.4705	0.2267	19.8889	5	3.2222	167.6763	0	17	18	0.4737	299.3	4	4	0	0	0	1	21.8375989064732	DAO	APOL	C7_2008	3.18	FALSE	0
5HCN	7	8.7408	0.0152	43	4.4978	0.6535	0.061	22	4	3.8571	689.9167	1	28.4667	30	0.6977	521.1	5	0	0	2	0	0	3.68629855003634	DAO	POL	O2_2001	3	FALSE	0
5HCN	8	7.2581	0.026	38	3.9348	0.6059	0.2385	31.2222	6	4.4444	601.7044	1	6.8889	9	0.2368	509.4	3	4	2	0	0	0	22.0393586340438	DAO	APOL	C7_2008	3.09	FALSE	0
5HCN	9	3.43	0.1512	36	4.1544	0.6795	0.0503	58.625	2	4.375	630.3471	1	30.4375	32	0.8889	594.5	8	0	0	0	0	0	4.70620218435205	DAO	APOL	C12_2013	4.41	FALSE	0
5UWZ	0	37.6059	0.7892	165	3.614	0.4554	0.1265	29.9375	12	3.5625	769.077	-4	60.2947	95	0.5758	406.4	30	1	0	0	0	0	0.16224980739588	STE	APOL	C6_1800	4.28	TRUE	1
5UWZ	1	14.254	0.6097	59	3.5307	0.4513	0.0534	48.3077	4	4.1538	246.9985	2	53.5636	55	0.9322	139.9	12	1	0	0	0	0	0.329501138086049	STE	POL	C17_1811	3.85	TRUE	1
5UWZ	2	10.2103	0.0285	69	3.7259	0.4342	0.1906	25.15	8	3.85	554.2121	-3	3.7778	9	0.1304	723.4	16	3	0	0	0	0	4.5993152751252	STE	POL	O2_1795	3.31	FALSE	0
5UWZ	3	9.1136	0.3481	48	3.9293	0.5085	0.1329	62.4	4	4.9	404.9466	1	34.6111	36	0.75	291.2	10	0	0	0	0	0	16.5449645209653	STE	APOL	C7_1801	3.31	FALSE	0
5UWZ	4	8.2777	0.0483	39	4.4737	0.6429	0.4013	34.75	6	5.25	603.1025	1	24.9231	26	0.6667	445.6	7	1	0	0	0	0	10.4506351003181	STE	APOL	C9_1803	3.05	FALSE	0
5UWZ	5	8.0249	0.0073	45	4.3568	0.7013	0.3237	-7.4286	6	3.5714	681.6257	-1	6	7	0.1556	592.7	4	3	0	0	0	0	11.255378714197	STE	APOL	C18_1812	3.18	FALSE	0
5UWZ	6	7.1912	0.0123	45	3.7563	0.5265	0.1358	13.7	5	3.9	356.2672	-3	21	22	0.4889	835.7	7	1	0	0	0	2	15.3163334058775	STE	APOL	O2_1795	3.4	FALSE	0
5UWZ	7	6.3126	0.0525	53	3.6255	0.5117	0.2072	39.6667	2	3.6667	393.7233	0	30.4848	33	0.6226	558.8	7	2	0	0	0	0	9.80548591350781	STE	APOL	O2_1795	3.07	FALSE	0
5UWZ	8	4.782	0.0555	39	3.2267	0.3702	0.1515	35.4444	2	3.4444	129.6334	1	35.5263	38	0.9744	68.4	8	0	0	0	0	0	5.86589848190369	STE	APOL	C7_1801	3.12	FALSE	0
5UWZ	9	3.2512	0.0056	40	3.5431	0.5072	0.1443	6.875	2	3	231.1003	-1	4	5	0.125	389.6	8	0	0	0	0	0	9.43772265962504	STE	POL	C4_1798	3	FALSE	0
6A94	0	45.4105	0.7086	302	3.8409	0.4855	0.4221	22.2889	29	3.8889	2123.0664	2	64.0795	151	0.5	1609.3	33	4	3	5	0	0	76.4173105650807	ZOT	POL	C14_2912	3.52	FALSE	0
6A94	10	0.3933	0.0588	38	3.7666	0.5775	0.281	40.875	3	4.125	495.6864	1	34	35	0.9211	364.3	8	0	0	0	0	0	70.8297953336024	CLR	APOL	C14_2942	4.92	FALSE	0
6A94	11	-0.4676	0.03	38	3.828	0.6016	0.4106	35	2	3	301.399	0	29.6774	31	0.8158	358.3	8	0	0	0	0	0	74.23165277023	CLR	APOL	C14_2942	3.22	TRUE	1
6A94	12	-0.7154	0.0495	40	3.5086	0.3837	0.1883	45.5556	2	4	234.098	2	21.2174	23	0.575	529	9	0	0	0	0	0	93.9926592718814	CLR	APOL	C14_2942	3.14	FALSE	0
6A94	13	-0.9124	0.0721	39	4.1017	0.5981	0.2008	52.2857	2	3.8571	507.9991	0	12	13	0.3333	0	0	0	0	0	0	0	101.063980705294	CLR	POL	C14_2942	3.24	FALSE	0
6A94	1	43.5641	0.2239	357	3.9118	0.5145	0.2724	27.32	26	4.02	2731.9004	7	43.8714	140	0.3922	2254.6	38	5	0	7	0	0	80.2545231435587	CLR	APOL	C14_2942	3.1	FALSE	0
6A94	2	16.0874	0.0132	133	3.7766	0.5229	0.0758	7.45	13	3.45	774.3426	0	28.7442	43	0.3233	609.6	7	0	0	4	0	0	84.7175927774155	CLR	POL	C14_2942	3.08	FALSE	0
6A94	3	6.4863	0.0161	62	4.1795	0.559	0.5522	21	9	4.0769	698.4448	0	27.2632	38	0.6129	842.3	11	0	0	2	0	0	90.3425284735821	ZOT	APOL	C14_2912	3.05	FALSE	0
6A94	4	5.0084	0.5414	42	4.1299	0.6115	0.4776	86.2	5	6.1	430.0397	0	34.8889	36	0.8571	501.6	8	2	0	0	0	0	74.8667451008791	ZOT	APOL	C14_2912	3.21	FALSE	0
6A94	5	5.0044	0.0201	58	3.8932	0.4925	0.4328	17.5833	6	3.4167	550.6714	2	36.6667	42	0.7241	614.2	10	1	0	1	0	0	65.7227682161973	ZOT	APOL	C14_2912	5.21	FALSE	0
6A94	6	2.1959	0.0945	38	4.4359	0.6952	0.1789	50.5	4	4.375	504.6921	1	28.6	30	0.7895	391.9	8	0	0	0	0	0	72.6448784567777	CLR	APOL	C14_2942	3.97	FALSE	0
6A94	7	2.1005	0.0071	56	3.4859	0.4597	0.1665	13.6667	5	3.7778	296.5139	1	9.2308	13	0.2321	0	0	0	0	0	0	0	108.659236353842	CLR	APOL	C14_2942	3.05	FALSE	0
6A94	8	1.8591	0.0373	53	4.3609	0.7375	0.1803	37	4	4	790.9419	-1	29.9355	31	0.5849	213.6	3	0	0	0	0	0	99.6595916608131	CLR	POL	C14_2942	3.02	FALSE	0
6A94	9	0.8513	0.1853	61	4.0117	0.5452	0.4419	58.4167	3	4	621.1503	0	32.7442	43	0.7049	601.1	12	0	0	0	0	0	94.4900206106444	CLR	APOL	C14_2942	3	FALSE	0
6BML	0	38.2901	0.9675	283	3.7144	0.4795	0.1701	57.4865	17	4.7027	1817.9406	2	88.5354	254	0.8975	1501.6	34	0	1	2	0	0	0.268130565210309	PLM	APOL	C5_4808	4.11	TRUE	1
6BML	10	3.9769	0.0081	37	3.5136	0.5092	0.7234	0.6	8	3.9	327.1493	0	15.1765	17	0.4595	548.6	5	1	0	2	0	2	19.7023194066079	PLM	APOL	CG_4794	3.15	FALSE	0
6BML	11	3.621	0.0051	41	3.4517	0.4597	0.1749	-5.6364	5	3.0909	162.2053	-2	6	7	0.1707	262.6	0	2	4	3	0	2	15.7069186347928	PLM	POL	O1_4803	3.12	FALSE	0
6BML	12	2.8777	0.1856	41	3.5006	0.4325	0.0979	60.9	4	5.2	166.8749	0	34.8333	36	0.878	272.9	10	0	0	0	0	0	8.87115854891569	PLM	APOL	C5_4808	3.03	FALSE	0
6BML	13	2.7332	0.0682	47	4.1564	0.5306	0.4747	41.7778	4	4.6667	709.2515	-1	45.4894	47	1	668.4	9	0	0	0	0	0	4.19135085622762	PLM	APOL	CG_4794	3.05	FALSE	0
6BML	14	2.7319	0.0054	37	3.8678	0.5099	0.5472	-11.1429	6	3.8571	496.1696	1	15	16	0.4324	427.7	2	2	0	0	0	3	23.8773946024268	PLM	POL	CG_4819	3.12	FALSE	0
6BML	15	2.4584	0.0187	44	4.2718	0.5794	0.3064	28.5	6	5.3	632.5297	2	14.9412	17	0.3864	496.2	4	0	2	4	0	0	7.51804369500471	PLM	APOL	O2_4804	3.05	FALSE	0
6BML	16	1.0819	0.0049	69	3.7145	0.4797	0.4341	-14.5455	5	2.9091	743.6205	-2	19.4667	30	0.4348	921.9	9	2	0	0	0	0	34.5781779305966	PLM	APOL	O1_4803	3.09	FALSE	0
6BML	17	0.8081	0.0072	41	4.1431	0.5819	0.3948	9.8	5	4.8	633.5973	3	6	8	0.1951	620.5	4	1	1	4	0	0	13.9027062473462	PLM	POL	O2_4804	3.32	FALSE	0
6BML	18	-0.3621	0.0066	41	4.1853	0.6272	0.4696	2.875	4	3.25	607.8336	-2	29.5758	33	0.8049	502	0	2	1	3	1	1	8.21421907426385	PLM	APOL	O2_4779	3.68	FALSE	0
6BML	19	-0.3789	0.0472	37	3.2256	0.4113	0.5823	45.75	3	4.625	139.6659	1	7	8	0.2162	438.4	3	1	1	2	1	0	28.8014809688669	PLM	POL	O2_4779	3.51	FALSE	0
6BML	1	22.0288	0.8887	137	3.6591	0.4409	0.3494	58.6296	13	4.9259	676.0396	2	77.1148	122	0.8905	634.6	24	0	0	3	0	0	0.290910639200427	PLM	APOL	CD_4791	4.23	TRUE	1
6BML	20	-0.6261	0.397	50	3.8971	0.4635	0.1437	79.1	2	5.1	585.2849	1	41.6	45	0.9	483.2	8	0	0	2	0	0	9.34942399295272	PLM	POL	CD_4816	3.05	FALSE	0
6BML	21	-1.0542	0.1215	37	3.8856	0.4864	0.4648	56.125	3	4.25	505.2455	0	31.0588	34	0.9189	584.3	7	0	0	1	0	0	2.50358522922628	PLM	APOL	C7_4785	4.21	FALSE	0
6BML	22	-1.1818	0.0085	44	3.5215	0.5604	0.5089	17.6364	3	2.7273	296.6091	0	16.9	20	0.4545	700	3	2	3	3	0	0	28.319367383471	PLM	POL	O2_4779	3.02	FALSE	0
6BML	2	20.0507	0.8376	257	3.9313	0.4981	0.2363	64.6667	10	5.381	1908.094	1	72.1339	224	0.8716	1688	29	0	0	5	0	2	9.34698288219252	PLM	POL	CB_4789	3	FALSE	0
6BML	3	12.7339	0.0641	106	3.3304	0.4051	0.0942	39.2857	10	4.619	371.5667	3	23.2667	30	0.283	330.2	6	8	1	6	0	0	10.4148071993676	PLM	APOL	O1_4803	3.05	FALSE	0
6BML	4	7.7968	0.4313	63	3.5618	0.466	0.2948	64.25	5	5.3333	308.537	0	55.5593	59	0.9365	466.3	10	0	0	2	0	0	9.07777660002712	PLM	APOL	C5_4783	3.09	FALSE	0
6BML	5	7.6139	0.0324	68	3.3647	0.4117	0.3217	32.2778	9	4.1111	262.6519	3	12	17	0.25	474.5	4	6	0	8	0	0	15.0350229464408	PLM	APOL	O2_4779	3.2	FALSE	0
6BML	6	7.485	0.0457	74	4.0437	0.578	0.1972	29.1111	5	4.1111	855.3131	1	52.9474	57	0.7703	712	5	1	0	2	0	1	17.3722224542515	PLM	APOL	C5_4808	3.11	FALSE	0
6BML	7	7.065	0.0183	42	3.3189	0.4165	0.3632	27	7	4.9167	109.5598	3	7	8	0.1905	131.9	6	4	0	2	0	0	12.7251055791298	PLM	APOL	O2_4779	3	FALSE	0
6BML	8	6.1075	0.0173	99	3.7871	0.519	0.2536	21.6471	8	3.3529	950.5554	1	24.3556	45	0.4545	1071.6	3	5	3	5	1	0	26.8837148660672	PLM	POL	O1_4803	3.27	FALSE	0
6BML	9	4.9103	0.0063	63	3.5427	0.465	0.4515	1.0714	6	2.8571	277.7567	-2	4.8571	7	0.1111	576.6	0	2	4	6	0	2	15.7305285670889	PLM	POL	O2_4779	3	FALSE	0
